movieId,centGroup
3857,1027
31433,4476
44828,4476
6996,128
85131,128
5237,128
220,744
78517,994
93270,994
122932,994
48997,994
105731,1807
46976,1807
71205,1807
150401,3340
91414,3469
85612,3469
1395,3469
4128,791
407,791
228,791
1953,2164
3713,2164
956,2252
127319,2252
1739,775
141956,2549
25,2549
2624,2549
37739,2665
110882,2665
5505,2665
8830,3456
3466,3697
2266,4151
5707,1038
52668,1038
42728,1038
4559,1100
71429,1100
8370,1640
434,1640
6357,829
146,829
8123,3450
48741,3450
7845,3450
60069,3450
65418,3450
3020,3450
5388,3450
1073,4397
5380,4397
3823,248
63276,366
51698,1495
65135,1703
80590,1703
2650,4052
130083,4358
270,4358
4181,4358
66297,4461
79946,2068
926,2068
142258,2068
2970,2447
2976,2447
357,2447
4491,2447
76054,2447
2210,2447
4614,2447
3070,3133
2318,3219
2240,3219
5342,3274
31156,3274
900,4206
106870,4206
60128,4206
2769,230
56941,230
5334,1801
8725,4393
112818,4393
50651,77
1747,77
5002,2227
135268,2227
142488,3012
27751,3012
33817,4192
59258,4192
2227,119
5232,119
2964,119
136445,977
7407,977
61210,977
7762,977
1982,977
47952,977
3949,977
27875,1340
720,1340
3186,1340
3784,1340
1936,2376
48596,2463
118326,2463
5283,278
32587,278
105755,278
32211,278
668,278
87192,1157
4649,1157
2247,1157
45730,3831
1748,4403
43177,4403
2059,4403
64034,150
146656,150
25777,720
3140,720
3316,1279
5222,2177
69241,2177
3241,2283
493,2283
50685,2283
144620,2846
845,2846
443,3257
3903,3257
3613,3257
5309,3257
4717,2168
6966,2168
5522,2168
529,2168
27555,2440
72603,2440
4681,2440
976,3022
1753,3022
4626,3088
51174,285
2611,1328
26151,1328
1444,2078
4833,2078
1263,2078
532,3506
115877,3506
2427,3506
1066,1129
26413,1129
31445,1129
4709,1183
159972,1183
49013,1183
89,1458
25753,1458
54328,1458
4022,3494
136598,3494
6446,3494
44587,3494
6990,3494
89745,3494
88129,1707
5847,1707
104241,1707
55272,3062
89045,3062
5508,3919
6877,3919
68901,864
59549,864
8684,1016
5971,1016
55280,1312
97225,1792
44761,359
110826,359
4208,359
2788,359
72393,359
4722,680
115139,825
4511,825
6513,1171
5051,1171
2560,1728
62764,1728
26350,991
123663,991
48082,2214
2134,2214
47815,2214
2463,2214
7939,2214
7101,2539
5418,2539
2062,3451
2694,3451
49265,3451
97994,3451
7360,333
40629,333
3539,333
55274,639
3340,639
1661,639
7572,639
6143,756
2554,756
3540,756
848,1009
3428,1009
47202,1009
7110,1009
48711,2791
74,2791
3783,2791
104074,2791
1988,2932
142068,2932
3292,2932
6936,52
4380,620
110110,620
34517,620
27178,620
89087,2663
32174,2663
3281,2663
5264,985
70,985
113532,985
97470,985
5187,985
204,3021
26317,3021
96737,3886
4692,3886
520,887
26737,887
6298,887
3270,887
4039,887
109374,3786
100745,2232
6257,2232
74630,3403
2410,886
60514,2329
51084,133
74089,4424
103980,567
829,2726
1041,3540
1450,3540
551,3540
1701,3540
101106,552
7282,552
68659,552
47382,552
74685,1119
91978,1119
3959,1119
4396,274
3118,636
1374,636
4980,636
6213,852
60137,852
5601,261
1508,261
1858,261
3910,710
3460,710
82931,710
6358,710
1029,710
8264,710
3254,2769
4254,2769
25916,2769
100450,2769
8183,4185
12,4185
5663,4185
59900,316
41863,316
37741,826
910,826
3451,883
140749,883
30712,883
2420,883
339,883
26782,959
140745,959
6787,3131
2163,3131
111249,3131
4409,3131
118334,637
59180,637
3167,637
94494,878
4091,1411
85056,1411
409,1411
3587,1411
104726,4352
4587,1178
3029,2553
99005,2553
59141,2553
2467,871
4854,871
3635,3142
34359,3142
3951,3330
2188,2679
8584,2679
86982,3813
6638,147
67429,147
48301,147
1944,284
46970,1513
4275,1513
2936,1706
6864,1706
471,1706
46559,1706
78041,2100
3825,2100
90376,2100
208,2100
3203,2100
346,2918
127052,3877
101362,38
99615,38
4357,38
53993,38
58998,38
104757,38
627,899
31408,899
4451,2625
2360,2625
945,2625
2067,2625
33826,3510
3682,4377
630,4377
3656,4377
74946,4377
3811,4377
100306,1138
5088,1138
128360,1138
4663,2905
79879,2905
2862,2905
56274,2905
2011,2905
3068,3480
38798,3480
3495,4189
3492,4189
3019,4189
51540,4189
3920,4261
112006,4261
554,1214
31878,2503
27685,3111
53956,3381
2439,3381
7099,3381
282,3634
82242,855
26164,3171
76175,4262
2481,4262
91610,4262
2978,4262
4515,882
7236,882
1016,882
6115,964
102396,964
60135,964
831,1133
5490,1133
45950,2914
76111,2914
1952,4256
64969,4256
4740,4256
973,4256
2770,4256
60,965
55814,965
51884,965
31804,2112
438,2112
59369,2193
3801,2193
5915,2193
5141,2818
123,2818
6764,2818
78321,3926
134393,3926
109848,3926
31685,3926
45722,3926
1043,3926
48142,745
150856,745
65261,745
816,1613
4014,1613
92198,1613
1242,1613
27032,1613
1731,1613
1261,1613
8761,1613
100159,1613
71468,1667
8197,1667
2462,1667
743,1667
1928,1667
7720,2221
36527,2221
43838,2221
257,2221
1347,2221
4271,452
130642,452
1126,452
94777,452
91935,452
5910,827
54419,3146
8331,3146
106883,382
127096,441
7701,441
85399,3807
5054,939
133377,939
6782,939
80553,3396
1353,4265
3600,4265
2284,4265
2315,4265
1626,1128
3200,2180
1274,3635
58306,3635
98829,1120
107559,1120
4783,1261
4914,1261
3424,3085
473,3085
3753,3085
1051,3085
3224,1869
26313,1869
78039,1869
6063,1916
41769,1916
3755,1916
102125,1916
4019,2119
84847,2119
5608,2119
6920,2119
6295,4286
6812,4447
6232,4447
5779,70
4426,813
5106,813
60072,813
5523,813
8589,813
1359,1456
2446,1456
4337,1831
131714,1831
1681,3027
85401,3027
79677,3027
4347,3027
96815,3265
290,3265
1228,3265
94833,3265
4535,3265
1495,3265
8362,3300
6818,3300
681,3300
86898,3585
55261,1350
72731,1350
175,1350
63113,1350
71211,2055
2162,2055
26242,2055
27397,3177
5810,3248
1992,3248
2485,3248
112175,3248
115231,3728
3261,3728
109687,391
7366,391
6384,391
40851,797
1189,797
63072,797
2153,797
3741,797
2712,818
43391,818
2359,818
3948,818
39052,818
4553,1588
99839,1588
88954,1588
8772,2563
64957,2563
34338,2563
4592,2563
4234,2563
7073,2563
3806,2740
1785,2740
3358,2740
67267,658
4995,658
71804,658
7163,658
56921,658
96590,658
6016,2816
1734,2816
7386,2816
2948,2829
63629,2829
4727,2487
8422,2487
6598,2591
83603,2591
6243,3978
4381,3978
3192,3978
99112,16
6797,16
3005,212
4487,212
59669,1004
4191,1004
7204,2626
7897,2626
4996,2911
283,2911
149590,2911
95113,4093
48414,4093
7791,4093
690,4093
7789,4093
88744,571
1059,571
8882,571
5570,1912
2399,1912
4861,470
1722,470
6449,2403
1425,995
3787,995
5612,1134
1599,1134
39414,1931
31952,1931
8785,1931
3824,1931
1692,146
6215,146
5500,2725
87660,2725
7415,2725
8983,40
4098,40
5936,299
3761,3950
1111,3950
112653,1291
510,1291
48520,1555
5678,1555
2433,3277
2206,498
965,2023
528,2023
610,2023
70188,2023
2533,2781
272,2781
6350,2781
3245,2781
521,3444
6525,3444
2657,724
6992,1497
62113,1497
2432,3990
6103,196
2398,196
4699,196
4641,196
31694,196
127108,831
116397,831
143859,831
32291,831
8814,831
5278,3531
57430,3531
73808,3531
486,3531
103141,3531
5229,364
72479,947
1257,1047
3792,1788
103813,103
15,1111
109205,1111
37277,1111
6978,1111
69524,4346
54995,4346
44397,60
43930,60
4902,60
62999,3109
5171,3109
4211,3109
103865,3109
72169,3109
55830,386
2840,386
3855,835
7245,835
4367,1585
87876,4340
6234,872
6893,872
1371,872
1219,3002
48698,3002
2898,456
3463,456
3847,719
96448,4475
2971,4475
1311,4475
157667,4475
4185,799
2739,799
2388,2160
433,2160
2165,2160
94266,2940
44191,215
2946,215
5503,1660
722,3353
3657,3759
2038,190
81591,190
77191,1812
3807,1812
81512,1812
866,1881
4042,3774
90576,3774
364,2039
2335,2039
4392,2336
8797,2336
4920,769
2182,2244
41,2244
8340,2244
3617,1265
1562,1672
3474,1672
74115,1808
85367,1726
5932,1726
106491,1726
92498,2185
2080,96
118248,96
783,96
2405,96
45221,96
1479,96
80551,2207
32840,281
107771,281
94896,281
150548,924
1366,2759
8853,2759
1807,2759
6783,2759
2107,2759
6786,2759
5087,2759
42730,2759
3051,2968
108188,2968
31747,2968
2961,4169
3727,2000
2495,2000
5135,2000
61361,4281
8985,4281
4578,1382
95088,1382
6269,1866
64993,1866
4051,2745
43744,2745
6369,2745
121126,2745
4863,94
2321,94
1292,94
1958,94
69644,384
3377,384
130580,1806
87529,1806
81191,4278
72224,4278
80083,3237
5841,1200
6148,1200
49932,1200
7302,1200
3602,3566
4116,3566
103210,3566
5076,1436
3271,934
2275,934
3351,934
1848,934
50259,2211
71732,2211
914,2518
3143,2518
4218,2518
40414,2518
8208,3164
6713,3164
91273,3164
4677,167
86347,167
107083,167
31193,178
3082,437
6663,437
7820,437
140,1256
1227,1256
3490,1934
358,1934
104,1934
26322,1934
43871,1985
6600,1993
68358,1993
703,1993
6958,2992
731,2992
1683,3607
6201,3607
94864,3607
4037,4471
5001,4471
5792,4471
77866,4471
106144,50
79796,1464
26865,929
4602,929
48780,929
2120,929
101947,1205
3952,1205
449,1205
5142,1205
8195,1205
1376,1205
6820,3507
5225,3507
5017,245
130522,488
5282,488
8228,488
27879,3939
34,2496
7142,2496
97593,317
26686,317
56169,317
25962,317
5333,317
4161,317
2517,317
4428,1277
74282,1277
5632,1277
1584,1277
62081,2046
86880,2046
3359,2046
26606,2046
3758,2046
1230,2046
5909,3388
101529,3388
26199,3388
6154,3388
1352,3916
3188,4483
2367,4483
2817,2935
101612,2935
2170,2935
81562,3896
2311,3896
27803,3896
1703,320
23,736
2973,736
5357,1121
2941,2150
8142,2150
54259,2150
1801,2150
71180,2149
26562,2149
104906,2941
8870,2941
5742,2941
7076,3093
6595,3093
33646,3093
5618,3093
143385,3093
4984,4426
8121,4426
37853,4426
2263,4473
7698,4473
70597,4473
3434,4473
48791,4473
3814,207
106487,1058
785,1058
1563,1058
34018,1187
5422,1187
5460,1187
1136,1187
3243,1187
69134,1187
316,1187
26010,1187
2422,1187
1956,86
51077,86
26840,514
76173,514
85438,514
103253,545
2997,545
56915,545
86548,545
4345,1266
4106,1266
25856,2086
8977,2086
2872,2086
8927,4058
27878,4058
8743,2088
8629,2088
36529,2088
8955,2572
3985,2572
8388,2572
5065,2643
2464,2643
88810,3734
3275,1737
111362,1737
5600,1737
8129,348
4696,348
2123,348
79057,1405
5535,1758
7125,1758
120799,2344
71530,2344
58347,2344
7505,2344
427,2634
7759,2634
59037,2634
86000,2800
1145,2800
6031,3319
5903,3319
7748,1112
26403,1112
1544,1112
127124,1255
95313,1652
73017,1652
8507,1652
8191,2189
8404,2189
4076,2189
30820,2806
3028,2806
2034,4030
536,426
174,1579
274,1579
1962,1579
2837,1924
6301,1924
924,1924
2366,1924
1925,2399
3043,3542
2622,3542
121618,3542
1546,4006
94672,4006
6776,652
2044,781
2417,781
4630,101
7935,153
5628,153
656,153
2793,561
2528,561
6754,2091
2522,2457
158956,2457
3646,2457
114552,4051
4470,1624
93061,1624
108945,1624
3467,2026
6995,2026
104944,2026
6780,205
27592,205
4008,298
70201,298
3069,298
8239,298
8784,722
136018,722
8916,722
92494,778
2953,778
115664,778
4734,987
3730,987
2864,987
5682,2635
3734,2635
103539,2709
4263,2709
95207,3199
4993,3199
60471,2516
1667,2516
49220,2938
4238,2938
2944,307
33688,307
26371,1616
26133,1616
2855,1616
695,1616
1302,1616
7951,1616
1959,4024
100017,4024
25891,503
6467,503
953,503
26303,1316
134859,1316
46919,1316
3418,1321
1223,1321
1672,1321
3923,2587
4544,2587
4490,2922
2357,3192
4815,3192
6612,3192
26404,3192
5377,3192
4215,4208
4577,4208
8207,4492
1342,4492
25737,640
6730,3383
81138,3383
102819,3383
4873,1073
4961,1073
5298,2541
3127,2541
8872,2541
2531,3055
34528,3055
40278,3055
5034,3709
6868,3709
54001,72
71460,72
100226,1972
32460,4311
132961,4311
5387,1272
1012,1272
51304,1272
6889,1699
2567,1699
6100,1699
3992,1699
98473,1699
2040,1699
2932,1818
26131,1818
1241,3609
95782,3609
799,2917
140267,2917
3793,2917
7071,2924
5803,3662
2249,3662
71304,3662
5644,3662
7173,3884
5787,3884
4958,1054
3834,4390
541,4390
4988,4390
250,4390
2857,4390
875,256
90717,256
116660,2063
7093,2063
6233,2294
1087,2294
115149,595
72720,595
7102,664
6816,1567
101531,2306
5777,2306
2294,3483
5525,417
73211,417
1006,332
51357,332
495,2627
101577,2627
42721,2627
3632,2627
96832,4325
31101,4325
1432,4325
31420,1
3201,1
103755,1
3480,1
4466,3324
4063,3324
5048,768
99320,768
1279,2170
59615,4337
1841,4337
67504,4337
87430,4337
6365,1086
92424,2165
5165,2165
4756,4490
97168,1217
47728,1217
5888,1217
5489,2864
62511,4276
5372,4276
27792,4276
6180,4459
4297,753
89305,502
52967,502
118468,502
99574,502
3999,502
8819,740
82167,740
6518,1036
128606,1036
5458,1036
145839,1233
66019,1233
7579,1233
3044,1233
54745,2335
233,3250
6124,3250
52319,3532
4162,3532
7573,3532
65188,3788
63436,3788
4972,3788
64197,3788
31410,3788
2781,188
4844,188
27544,188
26414,1649
8263,1649
5297,2270
82534,2270
4531,4419
6245,4419
5276,1595
26052,1595
1197,2614
106438,2764
148881,2764
107412,2764
3521,3452
4178,3452
118082,4290
153584,4290
60937,4290
45081,423
2151,423
27912,1646
1938,1646
6368,3372
26111,1092
5248,3738
6769,3738
456,3738
50804,368
1363,368
87785,1083
2053,1083
148372,1083
1181,1083
1463,1653
2110,1653
78703,1653
89194,2127
3487,2127
82313,3195
8132,4387
6793,4387
33499,80
778,80
26294,80
25898,2122
1941,2122
2312,30
7257,30
103221,30
110501,1984
3165,1984
5866,1984
57223,1984
6433,1984
53038,1984
32203,2040
670,2040
42632,2040
2502,3380
81910,3380
25952,3380
986,3380
2272,1082
39408,1082
5300,1082
6323,1745
2759,1745
1380,1745
235,2602
6872,2602
69118,2602
1429,2602
104595,2602
2069,124
96530,124
131168,124
6664,124
2815,746
134881,746
26680,746
413,1852
2012,2061
72380,2061
1420,2061
69516,2153
268,2153
477,2153
206,49
2111,49
8625,49
5419,2016
144976,2016
2174,4037
114342,4037
3841,4037
72605,2748
6284,2748
1721,2748
4878,2748
4930,3259
7728,3259
67867,3259
60943,3259
3310,3259
4557,3259
6582,3636
3251,3636
78637,3636
2124,4246
96004,4246
7815,4246
31422,4246
85394,681
1341,681
6315,681
6008,2729
1880,4128
2214,4128
78209,4128
3125,259
1979,981
1282,1057
129657,1937
39941,1937
87232,1937
3568,1937
1391,1937
6502,2448
5079,2448
3535,2448
4506,3411
6186,3411
161944,3411
4025,3411
106471,3411
7258,340
3983,340
25839,340
55999,897
1286,1959
82152,1959
2005,2853
2482,2853
2369,2853
4670,3267
126106,3267
142192,3267
1135,3267
4989,3267
74154,2314
81660,2314
2977,2751
4754,2751
550,3273
8827,3273
33903,660
93805,660
4095,660
3276,660
26231,1117
6881,1300
756,1430
40959,2976
4612,7
5349,1586
3991,1586
5641,1586
79592,1586
1812,1586
7346,1586
44974,1586
2721,1586
4973,1586
92938,1586
4370,2838
80860,3095
51773,3095
85,3095
7450,186
26176,2714
3412,2714
5843,2714
2836,2714
1625,741
5305,741
48262,741
52952,741
835,902
53466,902
6763,902
4923,1334
138698,1334
88267,1334
3453,1334
3286,2308
63239,2308
52241,2308
1411,3897
8636,3897
27351,3897
95558,3897
1973,87
56788,87
33830,87
5754,90
8754,90
1125,90
1854,2393
7809,2393
107382,2393
6047,727
25752,1999
90524,1999
4302,1999
5057,1999
91622,3039
70336,1339
2897,3010
2787,3010
687,3332
86833,3332
59,3332
26812,4355
1767,4355
7840,4355
3913,1191
8582,1191
58297,1191
32943,1259
4327,1259
93831,2979
7355,4083
5352,4083
103249,4083
44911,4495
43419,9
32825,9
617,9
4795,118
120821,118
2435,118
2935,118
49272,1793
46948,1793
160590,1793
57418,1793
3940,1793
3820,1814
41566,1814
2791,1841
66200,2223
3927,2223
8695,2794
62434,2794
3109,2794
27822,510
2039,510
25788,510
1819,510
2401,510
87205,622
143255,622
104337,1483
47937,1483
3379,1483
3110,1483
6561,1483
51094,3594
1050,1896
5815,1896
6419,1896
7255,1896
3659,2071
4355,4039
4784,4039
69280,4039
5588,4303
31682,4303
8864,4303
793,569
2513,569
89837,569
2507,569
113345,714
33621,714
1948,714
742,714
97393,714
98441,3112
29,3112
4401,3822
8937,3822
1238,3922
2902,3922
5538,4468
704,4468
93443,1872
80166,1872
90469,1872
7482,1872
98933,4293
112421,154
2195,154
108514,154
808,154
7976,154
3446,327
45186,327
127194,327
106782,367
161918,367
91873,367
6477,520
5481,520
2105,520
4139,591
139757,591
47491,591
1317,822
27266,822
1687,822
517,3701
263,3701
26150,4048
78829,4048
27834,4048
2253,362
2913,362
337,362
8363,898
4333,898
4024,2492
3950,715
4676,715
2236,715
1757,715
26147,3223
1194,3223
80489,3223
4214,31
3221,31
1019,31
59103,241
4082,241
119655,2141
111360,2141
5303,800
91890,800
4473,1359
1760,1359
30723,2543
47330,2803
4361,3344
8799,3344
110,3344
69606,3344
4688,3344
518,3537
27778,3537
120466,4100
3729,4375
1635,1482
77359,1482
375,1482
3239,1898
6470,1951
7782,1002
2696,1002
705,1330
104303,1330
112303,1330
6940,1330
117107,1330
4073,1979
5226,1979
31184,155
62718,155
138036,155
556,155
140739,155
95873,919
5018,919
903,919
5337,1313
1516,1313
4332,1313
112497,1313
147845,3453
2155,3453
1293,3453
3696,3453
4859,516
45666,551
8796,551
38384,2190
2440,2190
107999,2190
1572,2215
1442,2215
103137,2215
76303,2215
69685,2320
4642,2320
53,2320
102481,2660
1754,2660
55100,3327
3507,3327
3996,3327
42900,1097
34530,1097
2828,1097
26564,1097
55167,1097
1196,3868
3757,821
69069,821
3773,1695
2356,1695
66090,1695
58315,3664
315,3664
4278,3664
142997,4216
8699,4216
1735,4216
111364,547
26320,547
354,547
3417,547
3733,760
4662,760
106100,760
7090,760
1503,2840
3117,2840
6126,2840
881,3036
33166,3036
99149,3036
26025,174
47274,2051
5391,2051
7206,511
100553,511
901,1484
115174,1484
8235,2377
3922,2825
73266,2825
651,2825
161155,2825
33085,2825
1983,3239
1769,3239
122886,3354
7195,3354
2122,3354
34150,3354
96849,3552
173,3568
159755,3568
76,3610
95443,3838
72737,824
5315,824
73860,824
62250,850
109895,850
151639,850
775,996
7216,996
76210,996
31290,1167
99728,1167
1497,1756
2152,1756
3972,1756
49772,1756
46723,1756
2805,3606
1037,671
73531,762
122920,762
2032,2850
251,2850
376,3406
34129,4201
81898,1040
89072,1040
27816,1040
8911,1040
7713,1040
3960,3545
4667,4120
1991,4120
198,4120
4755,943
6447,943
3272,1847
106489,1847
3325,1847
4970,1847
69122,2650
287,3904
141890,319
2465,319
95182,440
3519,440
3313,440
4141,440
41716,440
352,1787
5410,3100
688,1397
4105,1397
3537,1397
4226,1397
31109,1397
1468,2909
2043,2309
86721,2309
3660,2684
3384,2684
109074,2684
1903,2684
2,1135
3896,1135
107081,1135
2171,2512
1015,2512
1127,2512
329,2512
36,4098
1080,4098
118814,4098
3835,4098
72741,1470
49299,1836
75813,1836
4194,1836
2447,1836
26152,2018
5177,2018
93563,2018
6454,475
4356,701
94969,1074
54999,2801
362,2245
1202,2780
6951,2780
77810,2780
3970,3395
2377,3395
8766,3395
8361,3395
5530,3395
3152,3395
123947,26
307,457
1755,457
8410,1474
141886,1474
26013,1474
72294,1474
26736,1474
56908,1708
17,1708
22,4369
3993,289
72998,289
79293,1799
1290,1799
999,1911
6380,1911
26346,1911
130452,3442
34520,3442
115881,3881
37720,3881
4897,3881
3939,3881
4066,189
2519,242
55555,242
42958,242
5013,242
4233,682
7126,682
5234,682
563,2657
4593,2657
3705,2657
1902,220
1989,220
81949,220
8373,220
4338,922
481,922
8571,922
6942,478
3448,478
7373,478
380,478
467,478
3404,2126
5299,2126
4483,2126
3306,2126
7088,2126
2416,3106
68932,3106
1190,2036
3266,2036
54732,2036
32582,558
494,1227
3350,1227
8893,1227
2893,1227
3309,1227
161084,2530
54734,2873
60674,2933
80736,2933
2539,2933
710,2933
1305,2933
280,2933
1870,3157
107069,1552
3401,1552
2237,1552
95309,1552
596,4236
2287,4236
482,4236
1732,4236
3987,374
6987,374
105121,2056
8642,2056
5506,2354
8968,2354
61348,2354
110194,3090
2096,3747
26663,3747
2424,3747
82854,3747
25945,3747
6591,3747
1459,3747
356,4205
4603,4205
2545,53
79868,53
105213,606
1154,606
2455,606
113640,606
3289,606
6198,795
111680,795
81516,795
52456,2939
77808,2939
4979,2939
44022,2939
648,2939
6952,3127
1957,4194
109576,4194
3435,4194
111759,4194
5271,4194
122892,4194
5765,4194
163,71
97858,71
6225,465
2701,465
909,465
1430,465
1515,3209
1670,3209
122890,3209
1678,3209
6466,792
6662,792
4644,792
57792,792
2316,792
91094,3920
2181,3920
276,3920
5621,444
58559,444
5891,1144
1183,2594
3262,2594
635,2594
88932,2594
8465,2731
110586,3520
26838,1322
304,1322
5466,2689
4384,2689
137857,2736
2024,2736
4183,2736
8879,2902
31000,2902
1727,2902
26435,2902
1372,3760
91947,1210
101285,3872
5816,3872
5028,3872
94,3872
86298,1075
3557,1075
129354,1075
2103,1075
2177,1075
957,1251
227,1251
2641,1251
1030,2299
34536,632
1609,632
89118,2557
5669,2557
2475,2557
6436,2557
57951,2557
4169,2557
53883,2557
2133,3740
88163,3740
3596,2480
6898,2480
6683,414
2031,562
8670,562
79720,562
72733,562
653,562
8016,2493
31427,2493
5127,2493
63853,2493
1821,2927
4895,2927
2006,2927
3628,2927
27410,3927
68884,3927
1629,3927
3438,3927
110873,81
3678,81
5913,445
947,445
3969,445
2635,861
8003,2525
2278,2525
509,2525
2616,1064
79091,1064
122882,2524
7069,2721
3087,2721
3715,2721
2241,2721
71438,2721
2379,2862
56801,2862
64032,2862
2581,3965
4508,3965
6961,3965
5788,3965
54775,3965
5619,3965
47493,530
91323,1855
1373,2604
6890,2604
2248,4215
320,4215
31696,4215
83270,698
37477,1400
54251,1400
112577,1400
1660,1400
6448,173
8951,173
5049,1070
8261,41
3341,2414
4967,2414
26487,810
65552,810
3409,1077
5027,1077
95761,1654
2972,1654
7790,1654
1535,3317
3432,3317
144172,273
905,273
2089,273
3891,923
55078,1648
4151,2300
3885,2505
650,2505
6219,2505
40826,2954
44694,2954
47200,2956
3875,2956
3739,3145
93693,3145
466,3145
6566,4028
87975,295
4177,295
6170,295
2689,1327
7131,318
2052,662
1283,662
8008,3798
6306,3798
5450,528
1021,528
2812,596
60382,596
103335,647
1939,647
26349,2013
5198,2013
1733,2013
435,2013
88179,2013
91886,2013
1978,2196
61024,693
81641,693
79139,2507
3736,2507
26464,2507
2267,3054
861,3054
152079,978
1246,978
526,1448
2273,1448
156025,1785
7375,1785
6101,2603
134170,2603
117456,21
1873,21
864,21
2076,21
56030,125
2303,158
3504,201
106004,201
6405,409
78499,409
2173,409
4992,409
121491,1126
106873,1126
68952,1126
55247,1126
100304,1126
2492,1143
6344,1143
3916,2580
2368,2114
4062,2114
8633,2114
40226,2808
1094,3234
4736,3870
140152,3870
107447,3870
71668,1142
72919,1196
117871,1953
2847,1953
47,1953
73469,1953
8753,1953
101088,3056
6779,3056
295,3761
4903,3761
2708,889
138696,889
6300,1768
26400,1768
6432,3280
2131,3280
3498,3342
9001,270
151307,270
1501,270
3479,1392
111251,2059
7352,2059
3144,2059
3710,2059
265,592
4046,592
5348,592
3837,842
4296,842
6902,1870
131724,1870
7449,2583
5477,2583
2506,2583
6945,363
67799,363
115151,363
64575,2107
4584,3639
127212,3648
2390,3648
62378,3648
104069,3648
45000,3654
57845,3654
1174,3654
27664,378
2394,721
547,721
1875,1155
4108,1155
889,1358
44709,1358
81845,1358
3075,2304
68099,3214
6888,3214
52462,1408
5638,1408
101112,1509
2597,1509
6811,1509
2387,2619
55684,2619
2827,2619
709,1606
26302,1606
2142,1795
7026,676
82041,676
26005,676
100106,1950
2015,2523
7108,2523
95,1566
5214,1566
3708,1566
2672,1566
130682,1566
4411,1566
64,2123
1859,2123
26342,2123
8240,2123
621,2761
3235,2761
1213,2761
52435,2761
26163,121
3396,121
6166,310
5122,310
5715,310
5085,310
128592,459
5008,666
231,666
1408,1270
1475,1270
189,1457
5205,1961
588,1961
4761,1961
1387,2461
127204,2461
117444,4079
3179,4079
4975,4079
1384,559
50658,559
3906,559
7615,2031
608,2031
5134,2031
2780,2031
8751,2694
6522,2694
8157,2694
50011,2694
26587,3283
33358,3283
6440,3283
6413,3283
7916,1587
294,1587
3380,1587
813,2104
70663,2104
1177,2104
39234,2104
8525,2395
79590,2395
2714,2890
69908,2890
60487,2890
26547,3247
2479,3247
1911,3247
114,156
5256,156
3908,1858
105,1858
89388,1858
72626,1858
64622,1858
4389,1858
91505,2140
4117,2140
31770,2707
1271,2707
3185,2707
8542,3553
7492,3553
1518,3560
60753,3560
44717,2467
3497,2467
26585,3295
111529,3295
246,3312
698,1904
3520,1904
929,1904
7583,1904
95508,1904
56095,1904
5507,2710
2754,2710
57353,2710
1894,2710
107406,1032
3786,1032
31700,1501
3998,1501
91134,1968
4821,1968
4298,3293
41226,3293
77,3293
2075,3293
4319,239
3440,239
128616,469
955,469
4912,469
155064,469
5630,1160
6032,157
574,737
5139,737
159,737
5464,737
4567,905
4765,905
46337,986
7367,1639
2041,1639
39779,1639
5778,1639
2920,1639
34542,1907
2161,204
202,204
1783,204
37382,848
1846,848
72165,848
8494,848
6794,848
132796,6
27798,6
5452,6
1323,104
918,104
1407,135
4541,135
160567,1419
31923,1419
48774,1544
1504,1544
5826,1973
112,1973
95135,1973
7979,2007
3531,2667
73276,1418
8460,1418
98587,342
787,342
56156,342
8423,342
26241,566
2058,566
754,566
133824,1273
7215,1273
254,1273
1165,1203
85780,1203
7024,1203
2798,1902
3964,4297
3965,4297
83829,177
58803,177
26732,177
26325,3206
178,3795
156609,1637
61132,1637
3683,1637
26947,531
4061,531
1693,531
62644,2378
95441,2378
2856,2378
55,2378
101415,2378
981,3101
2882,3101
4687,3101
61350,254
5611,254
374,1346
1965,1346
2548,1346
3128,1346
1460,3221
1833,379
4018,379
6613,1387
84637,2017
8643,2017
48744,2484
133545,286
5445,286
5992,286
7018,3858
2652,3858
3033,4486
117192,232
3223,232
112552,232
4045,271
78544,271
160,2620
633,2620
33154,3307
3522,235
3122,563
45679,563
26689,563
697,563
98604,563
112940,563
1417,1089
5385,1089
1555,1089
7620,1729
45942,1729
5878,1729
34326,3063
43904,3063
7162,3063
1433,3063
69805,3063
6395,4443
5603,4443
83322,4443
1378,4443
3576,4443
26726,4443
67087,1723
3095,1723
83803,1723
8832,1723
4704,1723
6989,1723
79008,3530
55253,3530
78218,3530
160718,3749
62203,4109
2436,4109
4084,4109
120635,4109
80219,4109
53121,933
1247,933
82527,1003
2627,1003
114766,1003
393,3784
7055,390
3145,390
88235,390
6615,1368
5828,1368
2337,1368
1569,1368
80717,1368
31026,1368
7380,1368
59590,161
2879,2615
992,2615
26788,3684
137595,3684
90866,3684
6104,3684
5238,485
117851,485
39444,485
43899,1854
5527,1854
4830,1854
7192,99
6669,99
2454,512
1163,4193
89356,4193
152844,4193
5125,4193
99030,4193
3299,4193
5918,2422
8763,3694
4350,3694
97254,3694
7921,3694
2279,3694
5956,3163
55946,17
2824,17
2084,17
79357,17
33669,941
103731,1642
2002,1642
4589,1642
1784,1642
2118,1642
8918,1642
6706,3347
1646,3347
96281,3347
355,3576
6426,3576
6930,3646
5642,3646
65514,3646
3879,3646
3101,2782
26684,2782
6584,3995
33912,790
1897,823
60126,823
6810,3918
838,3918
941,3918
6875,3918
1198,585
78836,585
6378,1668
2340,788
104321,788
2720,788
4200,4328
83332,4328
2259,4328
3721,4328
5883,4328
114265,1391
112556,1391
6774,1391
81132,1569
865,1569
68159,1569
98803,3817
5949,3817
5637,4406
3614,4406
428,4406
3274,1182
4282,1698
1824,1698
4372,1698
72129,1698
2288,1698
2373,3432
27724,2896
425,2896
97757,2896
84098,1055
25865,1055
1207,1055
33495,1055
1180,1629
5004,1629
606,1629
5356,1629
46,1629
4990,1629
32686,1629
56174,1629
1049,3672
5568,3672
3105,4362
2704,1724
2919,1724
8117,2324
93242,2324
166,2324
5475,2324
5073,3233
45382,3233
7395,4150
78316,229
68848,229
4006,1821
8012,1821
102684,2267
61634,2267
152,2267
2295,2267
3555,2267
353,2267
2437,252
639,252
47099,252
3176,252
8998,517
190,2784
146309,4096
3581,4096
69,93
893,93
4822,162
34336,162
6211,383
71264,383
50742,1477
2553,3426
911,3426
70762,3426
3980,524
389,1560
4927,1560
1921,1560
125,1560
1976,1560
83,2338
5233,3569
1028,3961
6527,3961
4643,3961
442,692
5269,692
55895,1060
319,1060
74677,1161
95744,1161
5444,1161
3584,1161
2453,1161
44225,2198
140928,2198
5293,1335
3076,1335
133295,1506
2654,1506
51086,1506
3103,1506
7153,2410
25995,2410
7980,2858
59945,1879
106920,1879
3205,2034
7836,2034
67957,2034
32031,2034
34162,415
1474,415
2116,415
6159,415
37727,2310
57274,2310
1020,2310
55245,2310
5994,2310
31689,3369
569,3369
8645,4282
140715,321
5944,321
4241,2285
85261,2285
2282,2859
64114,2859
803,2859
114028,2859
733,2859
514,1020
5558,2092
142507,3846
74944,3846
3973,3846
5690,3846
64338,930
1320,930
1427,1293
5285,4074
2642,4074
5686,4074
8368,4074
98126,4322
127158,4322
40817,4322
5120,4322
2351,2599
302,2599
121,2861
5308,3069
3901,3069
1331,3069
152077,3069
229,3069
3120,3543
5092,3543
321,3543
2520,3543
90343,1053
25972,1053
4081,1053
74450,1563
98913,2102
1967,4056
273,4056
90863,1116
3926,1116
39381,3514
56782,3514
1008,3514
939,4320
2106,1549
3060,1549
75823,1549
4901,1549
962,1549
1437,1549
2197,2390
96110,3975
6827,3975
6537,3975
4388,3975
2346,3975
3055,4140
32395,1437
151,1437
44197,1437
1053,2383
6006,703
4744,703
55451,703
3158,84
148956,84
3094,2343
116823,2074
138208,2074
441,2074
7448,2074
8984,2074
2000,2074
2613,182
3629,182
4605,1574
108873,1574
46850,1574
3249,1925
3360,1925
3263,1925
3869,1925
6250,2209
1834,2209
130628,2209
1306,2248
969,2248
4832,834
4519,834
97742,1099
3770,1099
8094,1099
519,1099
27075,1099
7111,1099
170,603
291,2351
1392,2351
8672,2401
2260,2401
8128,2401
114180,2401
6025,2401
3578,2401
3675,2401
1104,1662
140743,1662
66171,1662
8720,1864
8039,4409
132462,4409
3701,4409
7020,953
6294,953
42725,2058
74868,3850
26702,3850
8943,767
7487,767
2037,767
1964,1096
6227,1096
140725,1096
60291,1096
628,1352
1063,1352
76293,1352
1889,2192
1307,2192
301,2192
7932,2839
970,2839
69458,3945
87222,3945
1256,3945
264,3945
7396,539
105468,539
8620,856
3961,856
91842,856
927,856
39419,856
109483,1124
5110,1124
4222,1124
101360,1124
1303,1600
3207,4214
45987,4214
59392,4214
5417,4242
2194,4242
4224,4242
2381,4267
82095,4267
2150,4267
69720,143
2231,143
58,143
2806,484
502,484
2803,484
27922,1465
6722,1465
2164,1465
2409,1465
2113,1465
71745,1465
88672,2527
99468,2527
104078,3937
3768,4270
2582,4270
2536,4270
2064,51
8577,912
2461,912
96007,2291
146443,2291
3268,2291
937,2942
1252,2942
4885,2942
2047,4247
5016,4247
392,4247
8464,4247
4745,4247
71131,1153
3246,1153
3897,1153
4772,1153
8798,2159
3690,2159
73741,2159
106330,246
2710,246
64900,461
942,461
4816,518
5574,518
2612,3166
2159,3166
487,3166
317,3271
103341,3271
26228,3908
6830,3908
3790,3908
7946,2118
1259,2118
5989,2118
4397,398
5344,398
2801,1163
63515,1163
1945,1163
176,1990
140741,1990
3324,3103
120783,3103
1918,3371
5009,3371
86290,3804
6415,3853
3102,891
25763,891
130073,3558
160080,3616
2329,1994
2670,1994
1799,1994
4925,1994
6123,1994
3199,1994
27369,3422
135,3422
143472,3422
3900,311
152091,311
51925,311
5819,1037
134246,1037
96728,1037
48501,1763
112277,1763
1826,1763
4291,1763
4321,2617
2557,2617
1591,2617
36509,651
2758,651
1330,651
4135,651
78729,1410
119068,1410
858,1410
8724,1209
3731,1209
1726,1372
1225,1372
8522,4026
83132,4026
4447,4222
179,4222
115122,4222
49286,4222
3083,588
26693,588
1449,588
5655,4080
65,4080
4711,4080
7394,4080
921,4080
25882,4080
1095,4080
4509,4289
72880,844
34153,844
26268,1681
11,1681
759,1681
129250,3878
3444,3878
8689,3878
98124,936
5421,1928
8056,1928
47122,1928
73929,1928
2525,1928
4277,214
98491,574
53887,574
2441,574
110352,1423
5339,3471
96432,3471
8499,224
37857,224
3441,497
6331,2739
2761,2739
39446,2739
4048,2852
2790,2852
7922,2852
1613,2852
907,793
140174,793
26631,793
4012,793
7266,997
116,997
27728,1575
1153,1601
42946,3963
2049,3963
5227,262
3627,262
3318,262
2774,296
73392,296
2117,296
80862,296
1273,433
3190,433
7714,433
27523,433
2473,1626
79242,1626
48593,1626
49530,2347
324,2347
79132,2434
5993,2434
26791,2434
4021,2434
7766,3067
5470,3067
42013,3067
1099,3914
40,3914
4015,3914
453,179
2068,179
2639,179
163056,2077
3819,2077
7300,1224
55118,1224
1483,1224
91104,1224
74795,1884
5599,1884
3788,2773
5952,2773
7574,2773
8336,4127
4329,4127
313,83
85414,134
48304,134
7438,134
2469,1104
103299,1104
3133,1104
107769,1318
3053,1318
8614,2990
1624,1303
1933,1303
4262,4435
8534,4435
71838,4435
1215,388
2660,388
74458,1029
779,3113
64321,3113
61352,3113
4060,3400
5795,3400
6314,623
140265,623
360,623
3021,623
25807,623
194,623
4469,1254
103801,1254
7990,1254
564,2364
6641,2364
2889,2364
8574,3236
90057,395
1233,1068
4029,1068
117121,1068
139620,1068
27793,1068
1333,1422
127152,1487
4237,1487
95543,1487
1499,1487
40833,2491
4492,2491
45208,2491
1986,2876
1265,2876
6140,3203
4266,3203
6345,3482
5780,3482
4527,1507
7180,1507
72378,98
7619,98
824,98
725,98
7411,463
7058,463
1329,463
2691,2960
1955,2960
2692,2960
111,114
2036,114
4680,114
16,114
980,202
1199,202
8964,202
5040,202
31660,2213
1440,2213
69529,2584
132074,2584
4351,2584
113348,2584
7171,2584
745,3006
4932,3006
3153,3006
7190,3499
42004,3499
888,3499
6851,3499
335,3706
341,3706
100498,3706
2408,3706
8661,4356
4969,4356
2656,4356
8713,1245
44613,1628
876,1628
1696,1628
4889,1962
1179,4445
107057,958
1545,958
6264,958
1295,999
3700,1235
1707,1235
1809,1568
4047,1568
3724,1892
5809,1892
71135,1892
5061,1892
69526,412
31162,412
3040,412
6678,1283
92004,1283
52545,1283
98585,2747
6105,2747
3759,2747
2130,2937
7947,2937
47810,2937
110591,2937
4965,4371
1280,4371
7043,4371
44864,102
127198,102
4886,1441
95965,1441
4219,3617
4767,1048
377,1048
2382,1048
81054,1988
599,2019
118997,2019
2540,2019
7319,2019
54272,2187
899,2187
2998,2187
46322,2485
3025,2485
50954,4108
106452,171
152017,171
90403,171
568,506
3015,506
8477,782
133195,782
4040,782
39231,2701
3551,2701
4437,2701
2775,4012
5289,4012
2176,1611
6188,1611
5524,1611
5478,1611
1114,1611
94480,1611
3426,1658
3979,1658
36517,1658
82173,1658
4552,1658
5705,4405
7327,4405
5625,4405
68137,4405
5072,4405
8453,4009
7889,4009
68194,4009
48159,4009
2631,4009
1327,2682
2969,2682
26009,2682
109295,2682
1191,3264
3543,3264
110655,2
149352,2
2985,126
8938,126
64499,771
85397,3475
7158,3475
57243,3602
98083,564
2930,564
1034,670
5236,670
4563,2134
1856,2134
103339,2134
4489,2134
6216,2134
8189,2438
1623,2438
118890,2742
54648,2742
994,2742
56251,2868
50641,2868
94919,15
92058,15
3423,573
93422,573
114670,573
68135,573
3181,573
1822,573
116939,678
105763,678
56152,678
6690,3791
1844,3791
58975,4167
96488,4167
4322,4167
4952,4167
103596,4167
2244,4167
26485,504
3368,504
5168,504
4179,504
140759,504
4359,504
7958,1185
64983,1185
74688,2962
2305,2962
139385,2962
1201,2962
786,2962
4706,3035
200,4075
5667,4075
2901,4075
3709,4075
83374,2468
2257,3306
7924,3306
333,322
114795,2585
53129,2585
107314,2585
1203,2687
2987,2687
575,993
135266,993
45442,993
8622,1001
3002,1001
3343,2225
7738,2225
112112,2225
6533,2225
7198,2225
1267,2495
91673,2495
47287,3486
81834,3486
59447,3486
81535,3486
65585,73
65567,73
101850,73
47196,73
2648,73
1592,73
26271,73
2532,846
100083,846
2140,846
39398,846
98296,846
1874,846
1377,846
4721,960
49284,960
7560,1820
32352,3019
125916,3019
2413,3019
365,3078
2929,3615
7453,4119
69640,4119
4638,1603
116855,1603
43869,3245
5544,3245
4570,3245
1042,3245
106839,3245
55363,4040
3097,4040
3096,4040
6182,4040
62344,683
3604,683
27376,1527
3732,1527
2851,4179
747,4179
75816,4179
3932,4179
84236,4179
7155,4179
133419,593
3643,773
97744,773
112370,773
4835,408
27851,408
4522,408
1632,408
3035,1180
5038,1819
85788,1819
26749,1819
65216,1819
4678,1903
91658,1903
1641,1903
53894,2332
55444,2546
499,4249
89470,4249
5927,4249
4378,4249
10,501
48518,501
2430,772
3247,2069
1827,2069
2820,2069
43,2284
5277,3903
44840,3903
7881,3903
6400,4159
8860,4159
49278,335
1489,2105
3159,2105
87869,3579
6349,3579
99669,3718
73,3718
3968,3779
3405,3779
5108,97
25852,858
7948,1219
142448,1219
3957,2281
30883,2281
26471,3013
2863,3013
8800,3013
2336,3013
1147,2994
6609,2994
8575,1150
2511,181
30846,181
1537,1701
4312,1701
2334,1701
3437,4498
3661,4498
1884,4498
7207,4498
100272,1766
6863,1766
724,1766
3838,2287
6333,2287
45028,2287
73572,2287
7566,3168
3512,3168
4007,3168
45732,3655
5954,3655
1943,3655
46865,3655
6974,3655
90888,4294
715,4294
7669,4294
67665,42
4023,42
1777,42
6001,42
345,534
51088,881
69974,1379
4318,1379
2202,2228
7372,2228
48856,2228
6785,621
43832,621
201,634
112689,3462
5098,3462
5879,594
31104,594
4052,709
1627,2872
1297,2872
4528,2872
28,2872
3565,3966
69559,1216
43836,1216
87234,1216
3232,1216
118880,1715
78967,1715
64839,1715
75990,1987
2082,1987
931,1987
132480,1987
72683,4359
5980,4359
55721,4359
8854,4359
71102,575
45172,575
97304,575
104441,575
93363,3673
89102,1562
667,1562
113220,1562
4842,1562
31364,2637
27373,2744
68835,2744
4123,2744
6828,4392
78467,4392
511,438
1750,438
5965,438
5933,438
4236,2184
3317,2273
119155,4348
4011,706
7981,706
6808,1840
2385,538
74508,814
63393,814
72647,814
80858,1467
2450,2865
2839,2865
1358,2865
2792,2928
116136,2928
2169,2928
60295,3080
100383,3080
215,3080
165,4418
4440,4418
344,1960
65310,2638
106111,2638
6237,2638
1929,4440
70898,4440
5868,4440
4217,1022
61357,1754
2748,1754
5255,1754
3924,2331
169,2693
26467,2693
72043,2693
391,2693
26084,2693
26999,2693
3895,3731
6021,3731
110058,3731
6095,3731
59022,3731
5650,2528
49394,2528
30793,3490
2486,3490
130351,1319
6003,1319
31,331
256,331
79251,331
3138,1868
4369,3554
111384,3554
694,1252
1204,1252
81156,1252
7437,1252
2725,1252
4366,1550
1715,1550
41912,1610
116849,1610
26366,1635
77435,1635
6711,1635
3936,1958
3633,1958
991,2429
70183,251
55908,251
82499,892
69275,1181
65230,1181
78105,1181
1458,2598
98154,2598
6724,1862
454,1862
95780,1862
26843,1862
150,1862
6850,1862
1601,1862
6084,1862
68614,2265
1717,2265
4621,2265
104590,2388
6014,2388
2523,2388
5462,3823
56171,3823
32019,2910
6121,548
92259,548
92751,548
37830,548
3816,548
103883,548
5427,838
31956,838
6985,1201
58295,1201
27002,1508
66808,1508
7786,2361
5820,3156
65638,3156
943,350
4340,350
338,354
106002,354
55069,2326
1061,2612
70159,3584
5230,3584
59014,3584
1885,3584
2956,4221
80599,4221
5991,4499
3282,4499
781,4499
138610,4499
3911,1035
5620,1035
93320,1035
5737,1035
39307,1050
79134,1050
106062,1742
102252,2117
3062,3091
223,3091
6058,4400
2835,4400
95499,4400
42681,4400
26513,4400
32797,1856
465,1856
932,2311
368,2311
53460,2311
73321,4298
2924,4298
72781,4298
5169,373
49274,3781
7347,3781
5560,3781
2990,3781
4280,3781
26903,3781
71254,951
7008,951
7925,2398
96821,2398
79274,2398
3010,2398
43932,3079
109673,3079
2393,3079
718,4078
48877,4078
4521,713
6840,713
6442,989
105504,989
4539,3333
1088,3430
6116,4124
2280,1817
7010,1817
47261,4237
97895,130
149606,130
1232,130
105593,130
2984,1825
109191,1825
3925,1825
2100,29
1123,29
549,29
62437,1608
804,1608
60516,1608
100365,1608
86014,1608
4220,1608
3654,3290
103384,3290
43908,3290
8712,4349
5107,4349
103,420
1621,420
5534,420
460,2037
5081,2037
62155,2842
5420,2842
5346,4224
32914,82
7774,82
102194,937
114601,937
2640,937
8530,1105
5384,1184
4964,2130
46561,2130
5940,2130
2443,2130
4399,2456
5768,2456
4627,2913
850,2913
71390,2913
3427,3582
62331,3699
1081,3756
56176,3756
6239,1006
5875,1006
8257,1356
869,1356
60763,1356
41573,1356
97673,2904
2734,112
30867,112
89337,112
2923,112
34319,2680
1350,3107
47999,3107
1184,3130
8385,3130
55995,3512
5363,3512
6414,3512
5275,210
3714,1832
89761,3721
60990,3869
2093,3869
92234,3869
1999,4061
2149,4061
2056,243
26472,243
47124,458
9,458
97836,2820
1014,2820
2687,2820
3839,4191
2025,4191
85342,1025
2707,1025
26409,1025
6207,1025
143410,3185
122924,3185
3860,3185
80615,3185
577,3185
1298,105
86884,105
126006,105
613,105
6679,2642
5943,2642
1975,4354
26599,1013
3915,1013
84944,1013
1587,2476
2380,2476
542,2476
7371,2476
7211,3144
53737,3144
76091,3802
6322,1113
4971,1113
4880,1113
7121,1113
45183,1113
47714,1113
2974,3357
132496,3357
139130,4484
3114,1774
112450,1774
40946,1857
5071,46
48268,46
131796,1519
6773,1519
43910,1519
4195,1519
26776,1519
79224,1519
6316,2741
1645,2741
83827,2741
26655,2741
757,2741
844,2788
26662,2788
3098,3358
4467,451
3183,451
1244,451
4203,451
7625,451
1388,451
3740,1843
5218,1843
2406,1843
104881,1843
108090,2197
9004,2754
112911,2754
7697,2775
2992,2849
74452,2849
48319,2316
5961,2316
7022,2316
4679,313
2606,313
98836,313
46578,313
43556,633
68319,633
1485,633
3045,633
5047,944
7096,1936
4299,2830
68554,2830
68954,2830
25999,2830
69821,2934
140755,2934
8125,4394
30783,200
5521,200
7085,216
5746,216
40614,216
56333,216
2048,2124
51418,2124
4477,2124
33158,2136
72407,2136
2565,600
47254,600
5874,600
90947,600
4158,1310
33437,1310
2457,3225
36519,3225
3385,1524
99609,1524
64716,1739
3554,1739
6735,1739
139855,1876
343,1876
110611,1876
1325,3082
73042,3082
7787,3082
33493,3649
91355,3649
1299,3649
1640,3649
2307,116
69495,925
34323,925
49314,925
27869,925
109742,1010
1173,1631
2724,1631
132952,1631
3623,1899
93838,3912
80727,3912
2245,3912
70846,3912
3476,1655
78160,1655
4564,1913
59143,1913
25929,1913
5447,1076
99085,1076
475,1076
7706,3070
6263,3070
89753,3888
2033,3888
2797,283
963,290
8840,419
93265,419
349,419
253,419
1977,419
7308,2564
8915,2564
50806,447
3398,447
5947,955
3141,955
71810,955
81782,2912
131,371
2180,371
3470,371
26160,371
2677,371
76093,407
52458,407
94959,407
7084,407
4499,407
90061,641
6452,641
37,811
5680,811
7888,811
6870,811
5604,3580
2355,3580
8403,3631
26870,3631
3000,3631
99470,3631
3693,702
74530,702
8611,702
8929,702
4561,702
7064,1343
3339,1343
55282,1594
7122,1594
504,3083
5254,3083
6814,3653
30822,4277
79469,4277
4016,176
3634,176
26012,1727
25941,1727
7767,4252
7075,249
3078,712
1542,712
98,712
4890,1145
647,3254
3981,3254
3256,3382
5379,3382
3509,28
3189,28
5292,650
8527,650
2327,650
6078,650
127178,650
108709,1046
20,1046
3431,1046
6290,1046
1882,1046
2017,2413
48660,2413
64614,2413
100032,2413
7023,2413
2784,2413
64695,2413
99795,2413
146604,2413
101895,4050
59731,4050
8526,4050
7036,1296
4173,1296
2700,3196
67788,3196
5808,3196
80026,413
37475,1297
132,1297
4804,1297
1356,1297
88785,1297
3031,2576
44671,2576
555,2576
5015,2576
2136,2969
1078,3418
6885,3418
98908,1081
2570,2823
1730,508
77800,3167
1594,141
7067,141
2659,141
6602,141
127114,250
3984,250
48560,611
25937,611
3843,862
112070,862
753,3676
593,1704
1526,1704
102905,3086
112655,3086
1326,3086
4159,3086
64249,4034
106918,4034
4538,4034
457,911
5718,911
66,1239
71525,1239
47721,1239
4639,1301
115170,1301
132046,1301
155820,1301
498,1307
2478,1307
115502,1307
1405,1307
1035,455
1907,885
5459,1306
136305,1306
8979,1306
50442,1596
5097,1596
59519,2966
47148,2966
4453,2966
527,2966
134853,3040
3511,3040
1600,735
5662,2226
37736,3051
79318,3051
48738,3051
90439,3051
132618,3754
42,3754
3930,1186
224,1186
115713,1186
6271,1186
4523,2531
91660,2531
52694,4183
95105,4183
2786,4183
101962,294
58520,294
2574,294
3547,1294
160656,1294
4212,2276
5902,2276
84304,2276
222,2276
6957,2276
25764,2389
4812,2389
39715,2533
32017,2533
4503,2790
113741,377
1729,377
2322,532
5367,532
55269,1394
26731,1534
69436,2597
248,3794
27831,191
6059,191
4933,1476
663,1476
7072,1476
19,1476
1657,1717
99089,3746
1236,3746
78101,3746
6676,3746
4532,3746
1680,1258
53123,1258
464,1258
136592,1258
6541,1494
2826,1494
3086,1494
26208,1494
58655,2515
5244,2515
2726,4437
26188,4437
505,4437
66544,4437
84601,483
4103,739
180,1139
3135,1139
5366,1139
33021,3024
130576,604
2297,604
53318,604
4216,1943
4945,1943
6807,3743
6596,3743
2795,3743
26229,195
111486,195
8954,613
2630,613
6039,613
80831,613
82934,763
2947,763
8965,1451
1234,1451
84152,1451
103772,1451
90531,1451
128520,2222
5966,2222
129313,2562
112582,376
382,1298
2620,1298
2143,1298
95949,1298
122900,1298
3091,1725
8930,1725
68793,2253
1097,2253
4618,2593
80363,2593
61705,2593
51412,4374
3882,4374
839,4374
4088,4374
91582,802
80185,1521
1529,1589
27329,1589
60037,1589
1549,1617
373,1617
2779,3778
3800,308
4326,615
91126,615
4836,1362
6122,1362
38,2319
4617,2319
44633,2558
40732,2878
4281,136
971,136
70305,136
2572,1172
4610,18
56015,18
38992,18
34364,18
105246,74
94780,74
78116,654
84772,654
6000,654
3726,654
4697,654
1150,921
26094,1011
2849,1011
2009,2313
7943,2313
32298,2391
3769,3986
44849,3986
2376,3986
6184,3986
4960,3986
3387,1401
1752,1780
5056,1780
27867,1780
2728,1780
2212,142
31435,1039
94011,1285
1361,1548
915,1548
631,1548
3469,1548
3362,2146
1332,2146
50798,2146
3668,3487
6229,3487
5873,3487
242,345
476,345
91548,784
5773,784
3566,140
1093,140
52606,140
3468,954
3822,954
129364,954
43635,2182
2491,2182
2126,2182
5498,2182
56563,2182
2077,3137
116897,3137
3608,3524
1396,3524
96792,3524
419,3524
3260,3524
5575,3524
26695,1353
81786,1353
6458,1353
4003,2547
40412,2547
88024,3189
106022,3189
7294,3189
7569,165
6650,165
7362,1691
106916,1691
6770,1691
48696,1691
2766,1691
122902,2589
2029,2589
1746,183
1217,1948
67193,1948
77658,1948
2472,2445
1797,2445
44731,2445
2688,436
4445,436
3694,436
3168,436
2021,707
2681,707
1543,707
1068,707
79686,707
2261,1827
6593,2406
102666,2406
4201,2406
57526,341
2207,2111
2434,2111
4624,2111
2804,1242
5383,1242
99992,1242
3370,1357
1164,1357
84506,217
1864,1887
3503,1887
2575,1887
800,3727
149572,3727
2845,3727
6728,3727
8982,3727
94677,44
9010,44
6279,416
2121,416
97639,1459
1673,1459
6276,1459
91690,1459
4448,4210
96563,4239
1604,1433
2647,1433
92665,3292
5479,3755
4034,3755
534,3755
1162,3755
45062,3755
113780,266
82169,266
147426,266
66066,1762
3763,1762
1022,1853
3573,1853
3745,4408
141866,779
104760,779
4225,779
5325,779
68965,779
4131,1770
32280,1770
8920,1770
8576,1770
1969,3668
1336,3668
97936,3865
73101,3865
4232,3865
55267,629
4659,629
7135,629
109578,2043
4223,3122
6509,3122
8147,3169
5373,1168
2549,1168
130490,1168
77201,1168
4957,1168
88140,3349
157296,4433
1917,4433
4343,4433
139915,1302
88380,2412
2487,3174
7115,3174
2537,4226
232,1440
68269,1440
1036,2183
100843,2183
117511,2183
118,2183
47894,3988
59016,13
6970,13
2496,13
67361,375
141668,375
546,375
4565,494
1539,494
70488,2301
3202,2301
318,2301
1249,2301
5012,2301
2395,2605
3594,2605
115680,4069
5696,4069
73344,4069
934,4069
996,5
2945,5
90719,2205
3388,2205
8044,2696
2730,2696
1310,3597
296,3597
70946,3597
2167,3597
105211,1623
47610,1623
67252,2047
114762,2047
93,2047
4771,2047
2861,2047
1573,2359
69757,2359
53435,2875
809,2875
4386,2875
7152,938
390,3003
52831,3003
1301,3003
129428,3003
86835,3003
2763,192
6424,192
2104,192
117590,192
25868,785
97921,785
58425,785
314,785
6012,785
497,785
3211,1850
2859,1850
1124,2426
3113,2426
69654,2426
4846,2426
3255,2567
2637,845
6375,845
54190,845
134025,2392
97328,2571
2651,2571
8188,3030
7357,3030
1011,3030
41569,3030
4750,3228
6944,3228
1590,3228
26842,849
65193,2322
76077,2322
48783,2322
67197,2322
7209,2796
5541,3592
5582,3592
1919,3592
834,343
96075,343
27773,343
2906,343
1963,343
3579,1087
44317,1087
55294,1087
90738,1087
2289,1942
2102,1942
1169,1240
1947,1240
81784,1240
58107,3148
72489,3720
113,3720
1187,3720
92535,4219
55498,4219
27020,209
69945,209
72109,209
6732,527
2265,527
103107,527
67508,527
110871,527
26700,1152
5039,1152
64501,1393
4190,1393
6383,1393
99415,1427
1642,914
84,946
1654,3391
3248,3391
5335,3739
96565,3739
299,3753
3791,3753
84615,749
140751,749
7265,749
2732,1651
4480,1651
2339,1651
127136,1651
48682,4153
75349,969
6862,969
4189,962
2735,962
2764,2477
6335,487
33838,2930
126430,2930
6203,4076
82608,160
54331,160
128235,160
4387,1136
1586,1136
102880,1136
96901,1901
1671,1901
2870,1901
936,3698
1916,287
1354,287
7007,576
26324,1678
105715,1678
2014,2049
78264,2049
5288,2049
7349,2049
2250,1005
56079,1005
30816,1005
6710,1005
590,1326
51380,1326
3001,2529
6869,2529
27876,2529
57401,3448
115216,3678
3041,3678
1077,717
2135,717
47950,717
217,717
48061,717
1619,717
53326,717
2626,817
7361,817
134528,2792
3544,2792
7059,2792
1175,2792
3217,2792
59018,79
2255,79
3552,79
1168,554
30812,554
2771,1202
57038,1202
322,1202
57504,1202
63826,1964
5258,2099
1339,1532
2661,1532
107348,2681
1865,2681
2566,1490
1222,1790
78469,1790
3662,2219
4406,3200
32464,3200
8946,1174
107516,1174
45880,1207
50160,1207
80693,1207
1419,2666
2183,2666
4148,2671
5042,2671
6826,32
104245,32
2191,32
7613,32
108190,1479
2098,1479
5649,1479
49822,1479
94478,12
6073,1212
6404,1212
31903,4195
2875,4195
4452,4195
3017,4195
117533,4195
6999,1247
2101,1247
4537,4015
41285,4015
93324,4015
7154,4015
6461,4023
306,4057
870,4057
8969,4057
4235,689
108506,689
4475,689
56757,3352
6771,3352
6484,3809
4454,1345
7132,4455
25971,4455
218,4455
3777,4455
2375,4455
39768,4455
661,164
147,164
3851,164
2060,1571
96417,4343
26528,607
1583,607
491,607
25744,607
3013,1007
31116,1007
1984,1007
6993,1018
83506,2501
3166,2501
73023,2501
8504,2692
6659,2692
80549,2765
54290,2765
56775,2765
74668,3326
82093,4378
6408,429
4757,3889
7358,396
58889,1452
42677,1452
3844,1452
1694,2044
1835,213
2324,1746
136816,1746
2383,1746
107953,1746
5400,1746
3593,1746
421,2108
6450,2108
72104,2108
5319,2991
7056,2991
8865,2991
7034,3769
2579,3769
923,3769
61394,1234
116207,1234
86593,1234
5672,1234
340,1234
113416,1234
59725,2179
80748,2179
62801,2179
3525,2179
5203,2640
86028,2640
2421,2901
1335,2901
5643,2901
155611,2901
4802,2923
3639,2923
49688,2923
4712,2923
132146,3180
2745,3689
7002,3689
199,3689
239,336
780,336
60397,336
26494,389
6308,389
3494,967
140816,967
2114,2809
1611,2809
664,2809
455,1222
94323,4199
40148,260
104597,432
1981,432
6798,432
90870,432
2952,1533
55687,1533
26079,1533
1532,1760
4529,1760
27441,1760
97938,300
48198,300
849,300
2488,300
6586,300
4591,909
49957,1229
3977,1229
3751,1229
52328,1229
3832,2949
728,2949
6620,754
91628,754
30892,754
4723,972
2042,3628
4111,3628
53972,3628
108156,3628
132549,1402
24,3854
4231,2079
1652,2079
7340,2079
32844,2167
5881,2167
92681,1952
4450,1952
27741,1952
195,3384
388,3384
1398,3384
2587,3384
7309,163
2718,163
45672,163
38061,163
7196,163
80572,443
1998,443
1054,443
1888,1735
7147,1735
886,22
609,22
83910,1503
3971,2263
89870,2263
4550,4229
2349,761
2070,761
1517,807
111931,807
26318,807
5968,807
101741,807
5294,1659
96863,1659
3673,1659
6536,1659
33660,1927
3836,1927
52281,2465
52885,2465
2459,2465
558,3033
269,3033
26258,3033
5685,293
60649,399
63876,399
25900,697
4724,1515
665,3119
4518,3119
766,3417
1920,3417
2132,3844
25801,3844
63179,4089
1676,159
32139,159
83177,159
47404,159
8903,1041
98175,1041
3314,1041
5607,1041
114818,1551
18,1551
135536,1551
3549,1551
83134,1551
8616,1551
3402,2982
4149,3627
7387,3627
74486,3627
5114,3627
1069,3627
54281,1348
216,1348
1287,1348
3821,1348
130450,1348
2232,1348
111617,1348
5867,3913
3546,187
6231,187
7959,723
30707,723
96655,4305
6528,4305
102800,4305
148238,990
4092,990
7649,990
3194,990
109853,2076
5945,2076
7878,2076
2004,2892
90746,2892
1209,4018
86332,1208
186,1873
69604,1873
5414,1873
104863,1873
5941,1873
3588,2142
5985,2142
118260,381
8190,381
98243,381
4881,381
78349,2008
8910,2194
8850,2194
1385,2194
49528,2237
1221,2237
6983,3923
5857,750
470,750
27882,750
459,1607
4732,1607
2940,1607
100517,1607
4459,2720
6918,2720
418,2988
8236,1711
2306,3862
2996,3862
68237,3970
1910,3970
6033,1776
1935,1776
3106,1776
50445,3094
8009,3094
209,3094
7439,3626
26178,3626
8011,3626
130970,3626
2138,3626
7984,149
3698,149
107945,1718
130087,1718
1112,129
68967,129
3564,129
4500,526
6109,526
6884,1573
5128,1573
62049,1573
1643,1573
3178,1573
2184,1573
3953,612
3827,612
7627,612
86892,1159
7303,1159
27109,1159
5093,2297
31035,2297
52579,2297
66427,2297
6723,2897
62,3812
5564,3812
2073,3812
26086,1000
507,2899
1891,2899
3963,4172
103444,4172
26172,1991
27317,1991
3174,1991
2783,1991
54771,2688
30850,2688
107042,2688
80126,1894
99741,1894
5752,1894
2644,1969
6077,2675
2715,2675
7189,3138
2673,3286
2526,3286
4893,3286
89000,3949
91470,3949
332,3949
8823,3949
4267,3949
7817,138
637,1462
4316,1462
6303,2450
59727,2676
66310,2676
998,3321
118702,3321
103819,3321
2338,4113
31963,4423
81847,4423
7199,4423
31921,4423
8933,725
5279,725
27821,1132
74370,1132
5323,1415
59501,1415
6777,1415
3104,2186
6342,950
7082,950
52528,950
55094,1271
103624,1271
59118,1271
2747,481
78122,481
97913,2085
7150,2085
378,2085
3513,2085
7934,2085
8836,1028
61,1028
538,1992
2905,1992
1674,582
3799,582
27837,582
1997,582
452,1719
161582,1719
67408,1719
6707,1719
2950,1986
7460,1986
767,3449
181,3517
99220,3517
7003,3517
6744,3517
45501,3517
37240,3600
101283,3600
95067,1351
4516,1351
97817,3604
80350,3604
8917,3604
908,3604
4814,1944
988,1944
6265,1944
55232,1944
7753,2015
5531,2015
7028,2522
73319,2522
93721,2522
384,2586
105037,2750
55442,2750
3997,2750
1237,2750
59846,2750
27423,3251
1909,2752
4951,2752
2072,2817
27873,2817
56869,2817
1152,2817
71533,2817
7833,3513
4766,3513
2928,4065
1550,4065
4834,4065
1304,4176
8618,4176
8372,43
115147,43
6686,365
4368,365
3863,365
113275,1539
53996,1539
1406,1539
27800,1829
1839,1829
3615,37
2016,37
6228,37
80917,2132
1663,2132
1137,2132
3157,2132
33639,2132
3136,2132
2903,2433
3445,2433
5539,2433
27808,2574
2352,2574
6493,3289
2262,3289
118924,3289
2982,1929
103048,1929
5224,2333
6803,2333
1211,2333
3918,2333
3941,2333
6624,2753
3134,2753
65802,2753
57669,3928
1614,3928
42011,3928
5202,466
2286,466
102903,466
6027,466
46965,2601
27815,2601
130448,2601
5059,2601
2125,3539
3415,1243
34198,1243
1025,1243
184,1877
7012,2661
6355,2661
3039,3793
71252,123
51939,123
3,123
105254,123
70121,292
2160,1442
114074,1442
60832,1442
1581,1442
2844,1442
82459,2271
96114,3915
917,3915
32525,3915
91688,875
4911,1176
4036,1176
5694,1176
27648,1176
3775,1176
8484,1288
3397,1288
671,1288
4293,1288
85316,1493
8617,1621
2810,1621
110645,1621
2904,1621
5179,2064
32666,2083
8880,2596
3580,2596
27674,2664
3934,2369
1060,2369
1554,4456
99846,4456
78772,4456
4682,206
6867,206
4252,900
2927,900
65133,900
85881,961
2867,961
88118,961
159093,961
140110,961
8580,3050
112062,78
1762,78
8369,976
53953,976
76060,976
5597,976
104925,1496
68536,1496
3859,2312
1689,2312
2789,2312
3054,2312
4545,3161
2208,3161
852,3161
128620,3231
27322,3231
1862,3231
8790,3464
5483,3464
1416,3561
86911,3979
3150,3979
5673,3979
261,747
27857,747
68945,747
129653,984
1393,808
58105,808
3173,808
2529,970
1375,970
8752,970
26775,2502
110553,2502
6935,288
325,288
8857,288
1926,1767
8641,2386
102445,2386
820,2386
5710,2386
89678,2386
2445,2998
2494,2998
112138,2998
1394,3556
4136,3556
129937,3632
2755,3632
5517,3632
133782,3632
2428,175
2215,175
3244,175
6796,358
42351,358
113938,358
6806,832
5000,832
7000,1290
27812,1290
44555,4438
32296,4438
1291,1645
2937,1645
89260,1645
8338,1645
26422,1645
32153,2001
3208,2001
423,2001
89864,3045
89759,3045
2384,479
3447,1123
7456,1123
2907,1123
145307,3810
3500,3810
140753,3810
6927,3810
1251,19
3877,19
1711,19
1794,19
3061,796
30848,796
2634,796
5502,1188
79006,1188
7095,1188
34583,1188
437,1188
81819,1188
4184,2038
66659,2038
63808,2038
8462,2038
106332,2038
3695,3193
6991,3193
68205,2199
5170,2199
60343,2199
5963,2199
46967,3474
6579,454
86059,454
784,454
3831,454
410,347
1482,347
30803,2261
1968,3387
104272,3387
33312,3387
38038,3387
146501,3387
6639,3623
141688,4220
7046,4220
61123,4220
36289,4220
7048,4220
3809,4220
3100,4220
2205,2730
44195,2730
8961,2730
4810,2730
26116,1636
2713,1636
6695,1636
2518,1764
1513,1764
3365,1764
7317,1764
7051,1764
5836,1764
32882,3500
99437,3500
3406,3500
58299,3500
1617,4245
8999,4245
2097,1781
737,1781
43376,1781
3250,2475
108979,2475
2083,3386
65259,3386
4168,3386
6568,3386
7254,3386
3742,1067
1798,1067
4954,1287
6617,1287
32728,1287
7585,1287
6480,2262
7374,2262
4339,2262
225,2262
95567,2262
4703,2569
3852,2569
4534,2569
3218,2569
60684,2590
6223,2931
3938,2931
88,2931
6249,2931
4690,2931
1473,2931
1878,36
121171,62
7250,62
3873,62
71248,1531
3219,1531
2361,1531
65685,3420
6982,3420
99273,2723
4645,2723
540,3394
113705,3394
3677,3394
111663,2242
285,2302
1612,2302
52,2302
4031,2302
5473,2302
6684,3064
6163,3064
3449,3374
5872,3374
5074,3690
6296,522
830,522
2925,522
69253,610
3943,1769
4710,1769
4247,1769
109850,1769
1484,2372
48522,2372
115624,462
67923,635
91542,635
102720,940
2983,1066
2483,1851
111659,1851
126420,2103
1340,2103
131830,2103
7210,3505
95307,3505
2396,3505
117895,356
6197,424
2411,424
7577,424
42732,424
113378,424
111795,3796
72308,269
93498,269
5312,521
1210,521
543,521
5291,828
102217,2353
582,2353
148,2353
6339,2353
6204,2499
2271,2633
7454,2633
7810,2633
43396,2633
4752,11
50842,1434
553,1434
122,1722
7123,1861
5043,2400
4188,2986
1665,2986
4936,2986
8949,2986
7139,460
2881,460
109249,460
3684,3818
6195,66
769,66
43558,1498
5083,1498
33145,1498
153,2288
26694,2288
73290,2288
88812,2288
71379,578
1649,578
54503,3060
3308,3060
8874,3060
5703,3097
25769,3097
2736,3097
472,3097
54513,3097
79588,3528
56949,3528
95167,1445
2643,1445
57368,1445
1688,1445
1428,1445
4420,1445
102378,1466
145935,1747
112788,1747
7009,1747
5101,2985
3919,2985
4130,2985
7841,3314
156,3744
62376,758
26117,758
4496,758
1193,1309
73168,1309
4270,2286
3802,2286
8070,2971
42002,2971
4274,2971
1476,2971
6377,920
659,920
26784,920
1133,920
91869,2275
3702,2275
4862,2275
5516,4404
2917,619
59784,619
3567,1085
8169,1085
4673,1085
548,3147
1840,3147
32022,3147
56885,3147
108,644
7802,644
84414,1114
1447,1114
135508,1114
8528,1114
8126,1581
237,1835
90249,1835
2888,2032
92496,2032
6178,3057
348,3057
7811,3269
7001,3269
109161,4357
2921,237
5121,537
5449,537
8963,537
1756,3900
1648,1107
896,1107
116012,1107
4896,1195
42007,1226
4713,1226
4675,1700
2989,1700
2762,1700
1322,1700
4143,2510
4768,4414
7074,4414
72612,4414
6427,4414
3112,529
3812,529
6975,529
2884,529
4981,1489
2020,1489
73386,1489
60756,3346
8892,4049
3947,4049
429,4049
99145,4049
4848,4049
103228,4049
330,949
135518,1431
4998,1431
6252,1431
4294,1431
59814,1583
440,1583
5425,3409
1866,76
106473,752
4698,752
3294,752
4684,752
8535,752
2291,1193
700,1193
4855,1193
4153,3348
4800,3348
3253,3404
573,3443
2596,3443
5266,3443
102033,361
7311,361
156387,536
2505,536
66686,536
86,1399
3108,1399
6857,2239
137403,3366
8831,3366
4731,3764
59594,3764
2374,3764
25906,973
158238,1520
89774,1520
118354,1520
152025,3446
5182,3446
711,3446
3795,3446
2967,3446
6305,3446
26,3446
5301,3620
7305,3620
87483,3620
26524,3620
1276,3620
7941,3620
7570,661
104457,1528
130634,1528
1409,1528
79259,2066
4086,2066
7062,2066
27611,2498
71573,2498
54780,2014
6474,2014
54910,2014
149354,2174
7025,2174
94939,2479
244,2967
99296,2967
26701,2967
4000,2967
1176,3363
445,3363
58146,837
289,837
592,837
8709,837
405,2121
3590,2121
96079,2121
872,2121
79299,1263
2276,1263
107910,1263
3890,3018
3007,3018
3011,3018
4001,3018
4334,3821
1500,3821
129737,3821
2204,3821
3331,1311
48322,1311
1912,1311
746,2321
3955,2321
259,2368
1351,2715
136666,2715
3591,2715
2741,2715
26394,2715
188,3518
1090,2342
7844,4386
47092,4386
8360,3087
95752,3087
2607,998
489,998
58029,998
48165,998
4524,1669
61071,1669
565,1863
50923,1863
8970,1863
1728,1863
32735,1863
3626,1863
6892,338
51372,649
58839,649
2099,1893
4866,2618
439,3575
93432,3575
134130,1371
2112,1371
62912,1371
33750,1371
84395,4063
32598,4063
91128,4063
5617,1088
3471,1088
89039,1088
6218,1511
3142,1511
77421,1511
47640,2212
620,3052
105844,3052
94325,4035
3829,4035
8253,540
158528,540
603,2181
2499,2181
3327,2181
120637,2181
129659,2181
7235,2181
614,2350
7223,2517
5833,2517
103984,2848
26554,2848
1410,4105
4928,4105
7764,4105
7822,4368
5859,4368
8167,4368
3571,4368
5250,4368
3804,4368
71700,2836
1348,203
34072,203
3265,786
3620,786
26810,786
4276,786
129191,2683
116887,1305
3728,1305
8838,1305
6731,1305
93512,1564
54276,1564
6762,1564
54,1697
58301,1697
1845,3335
27904,3335
2187,3335
2423,3565
2252,3565
78266,3565
2501,3565
3624,3565
128512,1656
8154,3298
103810,3298
7792,3298
4573,3298
8839,3298
961,3311
3303,3311
1226,3311
97,3311
7,231
37855,231
71535,231
381,231
92048,2432
53000,2455
47044,2455
92008,2455
8366,2884
3047,226
4085,1361
74698,1361
2363,2653
83293,2653
3304,2653
2598,2653
48516,2653
64116,2738
3676,2785
8700,2785
484,2952
99917,3208
1453,3208
47606,4147
98809,4147
492,4147
89492,584
342,584
1231,2143
32078,2143
6539,2698
1616,2698
58432,2698
2087,3302
92966,20
3886,20
8638,20
93700,20
83359,819
6373,819
39183,819
537,819
53207,819
147037,1582
4801,1582
3738,1582
3760,218
3774,218
2534,277
5796,560
782,560
107702,560
5099,1710
6051,1710
66915,1710
2350,2109
5223,2109
33896,2162
109846,2162
414,4319
103655,4319
3956,1409
45668,1409
40815,1409
71494,1809
55276,1809
4458,1809
6646,1809
1131,1970
4017,1970
1056,1970
1552,2659
116985,2659
2458,2659
3737,3376
149612,3376
539,3376
111443,353
34532,353
7919,353
104211,353
147010,513
1564,2029
6238,2695
2085,2695
2313,2695
1248,2695
80839,4334
50703,4334
5161,4334
4054,4334
2051,172
935,172
3088,172
5917,172
7843,172
50794,223
7177,1597
68347,1597
8392,2776
1804,2776
64278,3548
3789,3548
129009,3548
4608,3548
2448,3548
5243,1686
87485,1686
71,1750
3699,1750
3430,3356
3499,3356
7130,3356
1243,3356
32381,3356
4304,3356
3420,3589
2092,1103
984,1103
4974,1103
431,1103
78,1103
3264,3373
37384,3725
2470,3725
741,3725
4080,3725
1970,3808
81564,4186
45662,4186
2697,4186
62733,4186
36525,4186
1502,4186
49817,4186
1993,625
44004,1921
127202,1921
5528,2559
2986,2559
91485,2559
61401,4077
79,4077
58154,4466
3569,843
73323,843
2609,975
162542,975
27899,975
7272,975
40583,3611
4026,3611
851,3611
73759,3611
3976,3630
168,3630
52913,3630
952,3630
155392,4112
58706,4112
26122,2363
111624,2363
7584,2778
102993,2778
77206,2778
5105,2778
3720,2778
3338,2778
4166,3175
8420,3190
64153,3190
102,3190
3071,3190
93287,3652
1966,3652
65130,88
112897,1043
26003,1043
70567,1502
110771,1502
5577,1502
43917,1502
3921,1561
142240,1561
5302,1017
91483,1017
3658,2272
6534,2544
5103,2544
4360,2544
8273,3641
59306,4177
48043,4177
764,4177
51127,346
4102,346
4155,346
27801,346
3148,346
7081,918
3638,1033
6214,1033
954,253
77561,253
2003,253
104913,312
1130,312
6386,312
43267,431
1120,431
1655,431
2371,1665
72176,349
4753,349
6,349
1531,2568
4921,2847
116161,2847
116419,3962
6587,3962
3872,4125
2001,4125
7771,4125
4898,4125
6125,2195
101904,2195
58649,2195
2008,2195
70697,2195
293,2277
2772,2277
52287,1164
48591,2053
8057,2200
140763,2200
4636,2200
7160,2717
1369,2717
5434,3546
7156,3546
52950,3546
83613,448
34334,448
6287,1156
5799,1156
7050,1024
7061,1024
71650,1284
73881,1284
3171,1627
2331,1627
74416,2303
84844,2303
4308,2428
3527,2428
6040,2428
26430,2428
4787,2454
45447,2454
972,2454
40574,2957
2571,2957
5341,2957
1258,1615
89300,1615
1653,3207
34437,3207
134158,4434
6791,4434
4867,4434
1275,4434
2026,1822
312,1822
27784,1426
3858,2210
2108,2560
3962,222
106441,222
59387,222
114464,222
51575,244
1355,244
136016,244
8341,646
32562,667
82150,667
748,667
66198,667
245,1026
106540,1026
27706,1026
59339,1823
5699,1981
3989,1981
7586,1981
138546,1981
4661,1981
72367,3098
72641,812
7104,812
148626,841
281,3360
53138,3360
6515,764
2268,764
25927,1090
8666,1090
27850,2138
7325,2138
95199,2247
2738,2247
70751,2247
94799,472
2027,472
2563,472
3175,1331
1079,1331
91199,1331
5712,1331
535,1771
102469,1771
4089,1771
109487,2639
8667,2639
87218,3498
3743,3498
1343,3498
25842,3498
1253,4454
4949,4454
4632,4454
135567,4454
5772,439
1278,1432
107141,1432
1082,1740
108981,1740
2807,2346
4809,2832
4674,2832
7705,2832
4478,2832
1089,2832
26581,3023
8779,3023
78653,3285
8137,3285
3861,4187
95375,4187
8225,597
2750,597
3196,1584
113186,1584
387,1584
1399,1584
5208,519
89408,519
48972,665
2019,665
81083,1450
1005,1996
130980,1996
968,1996
89343,1996
100714,1996
104129,1996
74324,870
6721,870
32892,870
1382,870
7458,1051
33679,1051
97826,4211
59421,4211
7832,4211
4978,4211
2095,4211
1922,1211
6107,1211
1047,1997
788,3768
56069,3768
8767,3768
3269,468
5471,468
72226,468
594,468
1214,468
5926,509
6332,509
2119,509
8884,1757
59935,1757
52973,2446
83361,3413
130520,3413
42740,3413
31658,3413
8768,109
66744,109
1171,677
30810,677
4749,677
3177,2404
116797,2404
4310,2404
1023,2404
26704,1228
2256,1228
4306,1228
3067,2144
57972,2449
66665,2449
93326,3948
211,268
109183,268
6981,268
2886,656
60086,656
102753,656
99811,656
4292,2208
8907,2208
4,2208
2239,2526
5398,2526
6242,2526
86142,3389
95510,3389
2378,1231
2894,4168
70565,4168
5553,888
7991,888
27838,888
1606,2565
6765,2565
1744,3618
84160,3618
3846,774
765,774
47629,774
589,774
3052,774
2776,774
6822,1363
8267,1363
4371,1363
86320,1363
3712,3599
904,3599
2146,4309
3483,4309
55156,4309
4342,4309
112334,315
114060,315
836,315
3556,315
4840,315
79163,491
1268,491
6431,491
2493,491
69306,731
5732,731
249,2606
89047,2606
6813,2606
1370,3488
90345,3488
106417,3488
7137,3488
132333,3488
6832,3488
2668,2844
2819,2844
84187,2844
450,2844
1927,27
74228,617
6986,617
148168,1512
3182,1512
7757,1512
2628,3338
44,3338
59834,3338
5613,3735
7079,3735
7217,3735
25825,4111
134783,4111
1349,4152
5265,4152
74948,282
48394,659
83480,794
26509,794
27022,794
27660,840
7846,840
5063,840
506,3843
3510,3843
4743,434
6013,434
2590,3909
114925,3909
56336,3909
500,4304
135133,4304
3649,401
1277,401
74532,401
69406,2706
4763,2706
48817,2706
85572,645
416,645
54004,645
36535,674
432,674
82852,674
64030,1983
6244,1983
1791,2452
82,2452
3685,4324
2391,4324
33592,4324
882,4384
401,4384
7348,4491
8861,198
906,198
3048,198
4035,198
5515,198
2585,1578
2109,3201
8866,3201
77307,691
1091,4223
8376,4223
55805,553
897,663
7038,663
2404,663
73488,663
5220,663
7248,1012
136562,1012
96861,1012
54286,1012
196,3525
2074,3525
6337,3525
31437,3525
4251,3525
77364,144
79553,144
2848,144
300,144
118700,144
49132,144
27689,2827
107978,2827
5021,3032
127728,3032
4569,3328
98611,3328
46335,732
51091,732
1556,3081
7116,3081
4474,3081
55052,3898
90890,1147
34002,1147
8187,1147
69481,1147
112550,2251
1212,2437
2706,2437
2562,2437
62394,3567
4976,3567
60384,3567
4568,3567
2589,3567
6370,139
91325,139
6964,139
39,139
6062,301
42734,301
3334,301
6628,301
26375,1262
48,1262
4634,1262
71033,1262
7193,1262
7212,1262
2682,1262
25827,1262
98607,4335
114459,4335
74851,1206
1837,1206
8158,1206
87930,1206
36397,1280
3004,1398
309,2678
78111,2678
59126,2678
26886,2678
94466,857
3022,857
6506,857
3990,857
4187,3125
75440,3125
3942,3860
6531,3860
5609,3860
6476,1221
39292,1286
49961,1286
86817,1286
72395,3187
3267,3187
6187,3780
72209,3780
5023,1684
6932,1684
3442,1684
2022,1684
8690,2520
50851,2520
1346,2520
2290,2520
4566,2647
3169,2647
26854,3011
4444,3011
735,3011
2333,3011
5629,3229
127206,3229
113573,3229
27788,4003
110781,4003
26819,4310
102278,4310
7982,535
100034,2550
88405,2550
112850,2550
3864,2550
85016,63
50740,63
146682,63
2370,68
135569,108
5153,108
39869,108
92694,108
26125,137
1788,137
5923,137
25901,169
110102,219
4375,219
96811,219
100556,219
160438,2296
4737,2296
1208,2296
3845,711
4495,711
4077,1170
490,1170
79136,2863
8256,3370
3301,3370
3038,3370
7936,3370
26603,694
73268,694
64508,694
84952,780
4198,780
9000,780
6057,1834
72386,1834
7335,2799
7650,2799
74510,471
54220,471
810,1424
25947,1424
2066,1424
841,1618
7063,1618
8581,1618
6564,1618
58376,1618
79695,2128
3107,2128
25792,2249
6096,2249
80346,477
5825,477
8931,477
108689,477
2078,963
89090,980
4789,1333
103372,2224
2991,2425
3425,2425
2662,2425
91535,2425
106072,3917
1863,3917
74789,2081
1588,2081
1441,2081
92210,2081
121231,2081
95654,2081
144714,3218
2285,3218
2419,3218
6800,4154
1759,3253
6133,3253
42009,3996
111743,4496
7307,4496
148652,865
3618,865
2649,1460
6338,1460
4546,2133
96634,2133
118898,4045
6155,4045
135137,4045
33171,4045
152173,45
44245,45
74327,45
25993,45
4655,240
3320,240
58627,240
104841,240
162,450
61160,450
205,542
1445,542
1934,542
2686,982
183,1559
940,3574
1990,3574
136800,3574
6883,3574
5901,3574
160440,4331
81,952
62956,952
3655,952
4956,952
8596,952
1404,2387
160271,2387
3285,2555
5734,2555
3129,2885
3072,2885
919,2885
115617,3468
2975,3468
5095,3468
2719,1554
3300,1554
92420,1554
3572,1554
83318,1744
58351,2082
3880,2881
44511,4066
2264,4413
902,337
61323,337
112804,337
36931,1546
25911,1546
8544,2158
59985,2158
2800,2158
6318,2158
97923,3066
236,3066
62336,3066
1057,405
6630,405
109317,1166
34332,3977
4629,3977
4422,3977
41585,1592
87520,1592
3344,1592
86190,1592
8675,1592
4146,1705
140747,1705
5573,1705
7773,1705
363,1813
26462,3932
100,3932
828,3932
243,3997
141,3997
4806,2137
161594,2137
2858,4474
7700,927
8014,927
3833,2384
7083,2384
4929,3240
100326,3240
5360,3240
6035,3240
640,1694
59273,1694
2674,1694
303,2067
77798,2067
44421,2700
2751,2700
4941,906
4691,906
43351,906
60074,906
8972,1413
252,1413
67695,1491
108551,1491
3328,3249
7143,3249
4344,3249
27251,4165
34435,4165
60766,4333
4652,4333
149,4333
70465,4333
2808,4333
85213,493
2561,493
383,809
44788,809
4796,809
25904,3685
5415,3685
26157,686
60609,686
3032,686
2993,686
80864,686
328,2420
1771,2420
7894,2420
5159,2888
3616,3717
1457,2060
2425,2060
2816,2060
5354,2060
38499,2877
3746,2975
68444,2975
46974,3841
8131,3841
512,3841
262,4422
1345,4422
35957,4422
108583,4422
5882,4422
55417,4422
85796,738
3560,1268
104339,334
74916,2095
1860,2095
4352,1237
99813,1516
8492,1516
65982,1516
5041,3875
2782,352
3400,352
42197,352
98122,568
678,1558
147006,1558
54270,1558
4404,1558
7234,1558
3914,2435
65037,2435
4265,2435
74727,974
32387,1481
1493,4137
113862,4137
1593,599
117434,599
81831,1253
93840,1253
61646,1253
1013,2616
2883,2616
106642,2616
4999,92
3439,92
2451,92
53999,2075
87298,1880
98458,2356
1033,1059
5096,1059
5246,1632
85412,1632
65577,1632
2221,1917
3747,1917
104419,2711
35,2711
57640,3999
426,3999
58025,276
107,276
3240,276
3637,1014
4053,1014
3037,1743
42191,2767
25755,4274
7942,4274
70293,4274
160565,4274
2605,449
57,449
2007,820
4823,820
7484,820
4248,2411
4383,4202
3653,4202
361,4202
6132,309
7161,309
64497,716
137337,716
44972,716
61240,716
3450,716
496,716
1129,716
8928,716
8529,2024
26555,2024
63131,2916
47978,2916
104218,2916
7312,4243
7381,111
3116,111
3421,111
135264,111
7915,111
1610,323
42217,323
1218,323
2323,1709
4782,3134
5395,3134
66317,3134
2892,4308
4664,679
5735,679
369,679
7872,679
2415,679
366,1731
90647,1734
8327,1734
67997,1734
8612,2125
3475,2125
98369,2125
7831,2833
805,2833
912,2833
13,2833
2431,4470
110858,1106
5801,1106
70545,1106
458,1106
57532,1922
4686,1922
158783,1922
5984,1922
5416,1922
2981,3502
2054,3502
41997,3502
4482,3502
112399,3502
447,3502
96150,580
71520,580
351,580
7883,580
3975,748
2392,748
136020,748
6341,1463
58365,1536
8989,1536
8502,1536
95475,2357
49280,2357
4043,4341
6273,4341
4770,765
32898,765
72696,1473
5646,3152
47384,3421
479,3421
57453,3435
6880,3521
95449,3521
2414,85
45440,85
95963,85
88345,58
4300,58
1575,403
105351,403
854,696
2079,696
2364,696
49396,1848
45,2508
100581,2508
53464,2789
2402,2789
132157,2789
417,2789
101,4132
3180,425
5736,3135
32349,3135
48032,3135
8828,3135
3018,4005
116799,4005
44597,4005
7938,4005
32234,4005
8986,1278
7926,1449
6521,1449
68073,2216
95165,2216
159858,2216
6387,2216
63992,3551
95740,3551
5433,3551
5684,3551
60760,1591
31973,1591
161336,1591
4640,1591
104119,2473
1216,2473
27334,2473
39427,3179
51705,3184
5864,3184
1007,1264
108076,1264
3326,1264
1570,1374
288,1374
6772,2110
42723,404
213,404
43560,890
7995,890
4041,2703
1951,2703
372,2703
91974,2703
4520,4136
100527,4136
615,2027
5636,2027
7983,2279
1284,3876
4718,3876
6429,211
71876,211
7186,325
1887,325
112767,265
109864,265
1488,2264
948,2264
5180,2573
49651,2573
31270,2573
5581,2573
110453,3427
7914,3427
26501,4425
106397,4425
750,4425
1658,24
4987,24
84954,24
916,3866
6056,3866
3988,3866
755,372
51255,2439
6852,2894
1792,2894
1167,238
3754,238
95720,267
2372,267
36401,806
131013,2352
5585,2352
444,2786
5,2786
4255,3015
70344,4004
3257,4046
4623,4046
2559,4046
177,106
71518,453
74438,453
86345,453
56286,1215
27772,1215
30749,1523
2746,2783
104374,2783
1974,2783
7502,2783
4156,2783
89203,2783
2057,2891
3089,2891
567,2891
6390,2891
46530,2891
93510,2891
2353,3527
26729,3527
5962,1274
1151,1274
72630,1435
305,1435
219,1435
8950,3008
37733,3008
106542,874
33672,874
2344,874
133281,1338
2145,1338
2979,1796
7040,1796
277,4317
121113,4317
451,258
90266,258
113453,258
55290,1030
87,1030
3461,2712
5343,2712
122888,2712
2731,2712
1262,4399
6643,4399
55566,4399
5014,1576
5443,1576
38886,1576
8199,1859
2045,2161
7283,3771
50005,3771
5064,3771
47997,3771
32554,1034
3160,1034
136602,2537
31284,2537
5955,2537
922,3025
2653,3188
7541,3188
82037,3188
5186,4054
79824,4054
110752,4054
7702,4054
104879,4054
5119,3669
6835,675
111921,983
3349,983
68324,983
6473,2080
86504,2080
4558,2080
3609,4452
2186,4488
1010,4488
997,557
3706,557
33917,572
5066,1890
100390,1890
5501,2886
66130,2886
89427,2886
32289,2886
691,2545
8820,2545
171,2545
2988,2545
446,2807
5480,2807
4560,4086
595,4086
93040,4086
1379,4086
109372,4200
70984,4200
96,4314
2088,4314
51709,4314
960,515
1816,515
87884,515
1328,515
4027,515
111235,1468
31549,1468
36553,1468
63082,1468
66371,1772
27722,1772
132547,3194
141422,39
3436,39
52378,39
86864,39
448,39
3077,39
3204,39
673,263
9005,263
1101,263
8459,263
55652,263
4067,263
1527,543
7382,543
92439,543
5981,543
104283,543
6751,1324
26007,1471
97057,1471
4875,1471
50147,1471
702,1538
97957,1538
559,1538
77291,4248
68486,4248
140880,228
60950,228
43928,228
1046,228
27193,1443
91529,1443
37729,586
3330,586
3689,586
4701,586
762,2230
8988,2230
111505,2402
1255,2402
71156,2405
6708,2405
80584,2405
885,2405
103502,2405
3216,2405
7016,394
6666,853
3725,853
7060,853
1414,853
42783,853
96020,853
6283,2423
1128,2423
91976,2423
3674,3724
4628,3724
616,3724
4616,3724
6977,197
6286,197
58964,197
2594,197
50792,197
6753,197
7065,1292
96667,1292
32444,1292
75805,4149
66934,4149
6971,4149
2580,23
1615,23
27700,23
8947,777
3090,777
71433,1373
55116,1373
880,2097
7263,2097
1582,2097
5839,3460
4415,482
91286,482
1085,482
8482,482
106236,482
6092,482
115210,3836
1454,3836
2137,3836
112460,3836
371,8
98615,8
4526,8
31114,54
111913,54
1987,1461
2573,1839
34164,1738
516,3625
8795,3625
109042,3625
4433,4117
1032,4117
3111,56
2671,56
53519,1244
5572,1244
6114,3377
104312,127
3622,127
879,127
86882,127
7044,168
107636,168
30825,168
59805,168
138258,168
5267,630
135532,630
74787,630
80586,2254
3892,2254
4144,2257
3905,2257
1896,2257
2347,2257
40597,2257
44759,2257
6261,3675
4417,3675
685,3675
2885,3695
64701,3695
1597,1830
4915,3638
44199,3638
70599,3783
124859,4284
102165,4284
258,314
1289,314
5914,618
5693,264
56715,264
2203,1889
3462,1889
8656,1889
27,1974
6636,2035
115927,2035
2201,2035
2471,805
108192,2536
7293,2536
7017,2857
207,2857
64620,3933
2269,25
3394,25
761,25
1270,25
4728,2708
63836,2708
7419,2708
7027,570
45506,570
133365,1612
1200,1612
2468,1612
531,830
81158,830
44204,830
33164,1396
3355,1396
96314,1784
49910,1784
85025,3226
7445,48
6042,48
1525,1389
3669,1389
72,1389
1192,1403
45726,1630
98795,1630
31221,2762
3805,2762
5899,2762
43919,3461
5782,3461
82461,3461
515,3642
110748,3642
8727,3642
96726,3642
90522,4367
93766,4367
145150,4367
944,4367
71899,4367
6127,1323
144,1323
2669,4361
6412,4361
26974,4361
7882,370
45928,2841
8987,2841
56145,839
54785,839
159690,3320
4056,3320
161,3320
4775,4217
6091,1920
191,1920
112515,1920
585,1920
508,2366
61026,2366
2871,2366
5137,3424
4438,653
74152,1213
132458,1213
2551,1378
3146,1378
80844,2630
240,2630
101525,2630
5615,3976
6571,3976
1571,3976
63481,3976
6235,3976
8524,14
34271,14
463,1488
7571,1488
1431,1488
95583,1488
4424,3397
3663,3991
2555,4022
7459,4022
3393,4022
6644,4022
6953,908
116503,908
34608,908
5164,908
938,908
696,908
3329,908
113225,908
6739,1619
1390,1619
94070,1619
379,1619
1702,2879
37785,2879
2546,2879
51937,67
2577,67
112852,507
105355,507
1686,507
4104,507
47465,507
37380,1377
113207,1377
33683,1377
42418,1977
7892,1977
95201,3211
8623,3211
27783,3894
6959,3894
2636,1570
4273,1570
513,1570
2490,1570
1245,1570
38994,2488
27253,2488
7086,2488
2348,2488
5679,208
7708,208
71106,208
3395,208
143657,2674
8447,2674
33004,2674
1401,2674
8607,2674
4462,3495
5210,3495
8914,3495
25795,3719
3664,3719
1018,3719
59315,3719
5832,185
45728,185
7117,185
2065,185
4803,185
27186,185
95858,1218
42718,1218
99114,1218
3422,1223
4899,1223
57910,1223
1113,1223
2717,1844
98230,533
89085,533
133645,2241
8583,2373
2729,2373
480,4275
1281,2758
1064,2758
8640,3065
8093,3065
3079,3065
34321,3065
2500,3827
97870,3827
1487,3827
1931,3827
73587,3827
100487,868
7005,1325
2727,1325
1365,1325
92756,1325
71466,1325
6896,1325
3606,1741
87306,1741
25826,2280
25920,2774
7164,2774
6425,2774
1980,2774
4994,3212
27604,3212
5959,194
2154,194
1092,194
4660,869
5850,869
2610,869
5055,869
5117,869
5365,869
3501,869
7899,869
31930,3737
1009,3737
1603,69
41714,69
53133,69
2908,131
336,131
736,131
1914,1406
4725,3805
3515,499
5172,499
32515,2504
2310,2889
3680,304
6743,304
552,304
7564,304
45499,304
26578,464
71823,120
85022,120
115534,120
1026,120
70728,324
2219,324
6423,948
1250,2220
88106,2220
8644,2220
92206,2220
32591,3466
2086,3466
3917,3466
31547,3466
98160,199
69849,480
25850,480
161830,480
52617,3848
50802,3848
136447,3848
1946,1906
1713,2722
2389,3029
1996,3029
6725,3029
1900,4175
3605,2871
5691,2871
8958,2871
87444,690
114635,690
2959,690
50872,690
40491,690
27255,695
334,2266
1296,4170
164,2233
51080,2233
241,2233
8371,2629
51931,2629
135887,2629
101864,3489
73854,3489
102716,3489
4109,3787
3099,3787
2633,642
70533,642
483,642
2912,3246
626,3246
1972,3246
2524,3246
27846,33
1100,33
90374,33
34143,255
6760,255
27790,255
4874,1031
326,1031
26393,297
3342,297
1669,297
82667,297
98056,297
49824,1015
3302,1015
56003,1015
36276,1158
5069,1891
1260,4255
4403,4255
7842,4255
55765,4255
4010,500
77837,500
5651,500
3429,500
55577,500
679,1390
2515,1390
4826,1390
7179,1390
140237,1390
6260,2474
3687,2474
3704,2474
581,3677
2254,3677
1178,3677
4132,505
3868,505
580,505
6422,1354
5723,1354
80,1354
1024,2355
83349,2355
46544,2355
5463,2355
52604,2355
26425,2887
4625,2887
2128,3773
5518,627
104076,1644
81932,1644
4479,2592
6718,2592
2802,705
101025,705
2407,1439
2330,2981
6379,2981
3854,2981
5307,3557
6465,2315
4751,2315
101076,1500
50189,1500
3764,1500
61236,2416
8010,2416
266,2416
7369,2416
8451,3183
3559,3183
3902,330
6538,330
3528,330
26171,330
94953,330
7320,330
2010,546
50064,1344
3399,1344
4246,1344
77907,2980
8813,2980
5401,2980
49917,2980
2018,1154
6256,1673
2521,1673
951,704
83976,704
4442,704
26198,1355
3752,1355
25805,1914
140757,1914
5602,1914
51935,626
1017,626
8908,1982
57980,1982
127164,1982
96616,1982
8807,3202
135436,3202
6562,3573
4033,3573
66596,3573
8833,3943
4585,3943
2600,3943
49902,4099
108795,4099
3506,4099
74649,4099
4228,4099
52666,1250
57326,1572
8730,1572
5622,1572
26082,1572
4126,55
95377,55
34534,380
108447,1149
1855,1149
1954,1149
84392,1580
51044,2613
3612,2613
7256,2613
68838,2613
6230,2613
55820,2613
54426,1220
4719,1510
32469,1510
52245,1510
5046,1510
8196,1510
94931,1930
67734,1930
1932,2995
26386,3445
119145,3445
4402,3700
468,3700
39659,3700
3640,3700
7987,3700
108548,3700
3688,2371
7614,2371
2852,2371
4205,3329
2832,3329
70994,3766
5869,4011
105197,4228
32456,916
132800,1650
49649,1650
3524,1650
2683,1650
7616,1875
832,2822
65601,2822
3074,3096
1397,3096
4410,3096
3465,3096
3598,3096
111781,89
59418,2662
99270,3301
61729,3301
2504,4479
6950,234
2878,234
72947,2096
1055,2096
60161,2096
1490,2096
99912,4489
5062,35
4133,35
6979,35
692,35
8485,91
133771,91
1415,91
77846,91
4464,91
76251,91
2629,4493
55768,4493
112921,4493
1466,344
32853,344
5094,351
1719,351
69951,631
3671,631
1684,631
5670,631
7323,631
7013,631
255,733
157,733
5900,1712
3516,1712
8019,1712
4792,1712
4394,1811
485,1811
4658,1811
3611,1811
32,1811
898,2339
83096,2339
3064,4209
3538,4209
86293,4444
14,1407
8015,1407
70862,1407
1423,1407
1699,1407
134368,4145
1950,4145
5668,4145
2035,1963
501,2002
96373,2098
5313,3158
3526,3158
680,3158
6954,4212
88682,4212
5791,4212
97188,4212
49526,100
1422,100
70286,100
327,672
80906,1716
1881,1716
1224,1716
2081,1716
6665,1905
46664,1905
1895,1905
3681,3407
3810,3407
27005,3722
8337,3800
7228,152
108601,152
98963,152
1806,430
25773,430
139415,430
1235,430
4533,430
33836,2542
2843,3835
62849,3835
90428,4446
4324,4446
48231,4446
2583,1998
5876,1998
95875,3598
4888,4411
102407,4411
4114,387
892,387
7444,387
2442,1518
1461,2147
3574,2622
142536,2622
6503,2622
2498,3077
72131,4027
4229,489
32170,783
152057,783
87598,783
3716,866
2283,866
5147,2175
6498,2175
3357,2175
44073,2175
92613,1485
7011,1485
3692,1541
80241,1541
141718,708
2995,708
53125,708
50912,708
72701,770
1480,2936
533,402
5440,402
6790,411
45431,411
1994,428
154,428
987,3938
75341,3938
6514,3938
76030,47
37386,110
6212,110
2094,110
92954,1063
8935,1063
91077,2424
136654,2424
5958,2424
3006,2766
8254,2854
8493,2854
5942,2854
3481,2854
110730,4272
97395,4272
1076,4272
4441,4272
94024,4272
53550,1019
370,1019
55872,1019
140247,1019
53024,1194
185,2907
7178,1838
2799,1838
267,1838
8609,1838
64990,2716
31150,2716
4486,2716
2365,1189
8981,1189
247,1675
1269,1675
58293,10
101142,427
65126,1069
25828,1069
32596,1069
1904,1069
2860,1366
4207,1366
44665,1366
2749,3799
4221,3799
412,3799
110461,3799
605,1084
4555,1084
408,1084
760,1084
4562,1084
82035,1084
142422,2548
110297,3832
66798,3832
2968,4385
842,2577
2541,2577
4239,2577
3707,2577
68791,602
89804,1773
5957,1773
8268,1773
3893,1773
114662,3441
7285,3441
4124,3441
4600,3441
6599,3633
1337,3633
600,3633
32160,3667
5729,3667
5010,867
6482,867
96467,1299
1566,1299
3735,1299
6887,1299
4174,1299
90405,1622
5060,2514
6037,2514
106766,2514
124,2673
3840,3047
85510,3047
114122,3989
7087,3989
53468,3989
3691,3989
4305,122
5893,122
6093,272
4977,272
5677,272
488,926
45179,2201
26809,2201
2362,2201
3081,3410
129514,3410
6963,3714
8600,3714
56367,3714
164979,3714
5784,3829
1580,3829
5026,3829
1971,4259
80217,4259
83411,4259
26338,4259
2292,4259
100163,4259
82378,904
4720,904
7070,904
1465,1380
8138,1380
98961,1380
6516,1478
26326,1478
59333,2819
3672,2819
8973,2819
50245,4485
5151,4485
67295,61
891,61
2418,4131
84374,4131
26323,4131
2325,4401
611,4401
7624,4401
587,227
1861,227
27646,227
2962,227
56607,227
31502,1341
1321,1341
130,2358
56339,2358
928,2358
148482,2908
1455,3412
59832,3412
6367,3479
49225,3479
39421,3479
46062,3762
72694,3762
2050,4381
6385,4381
2190,4381
1690,4381
3130,4381
1605,1638
53974,1638
114935,1641
1541,2293
97866,2293
73015,4416
31724,579
53447,3000
77427,279
97306,279
3036,279
1067,1276
708,1786
32025,1786
25841,1786
5846,1786
2757,1786
86377,1786
33124,1786
118105,3310
42935,3310
1942,684
524,684
3252,684
1206,684
1507,684
3679,1783
5561,1783
8511,2370
5970,2370
71640,2370
1381,280
638,280
8777,280
91653,280
2617,616
982,616
123695,616
55851,616
1598,616
5818,2048
5880,2048
60857,2048
7247,2093
2723,2093
279,2093
7182,3
8657,3
52767,3
85020,1480
966,1480
71108,1480
2144,1900
2023,1900
8848,1900
7315,2600
162376,2600
275,2600
2354,2600
56633,3688
26750,3688
1413,3688
5102,1599
60333,1599
81537,1599
99007,1599
27338,2953
2148,3235
76738,3235
1083,3235
6947,117
61248,117
3008,117
2916,117
157200,117
95311,117
79185,476
2943,2135
1631,2135
6005,2135
2716,2135
66335,2135
5193,801
75983,801
42163,801
54881,801
69784,801
54768,801
6247,801
160954,801
2664,988
1595,988
8711,988
2320,988
7042,1420
2412,2648
122490,2648
99276,2948
7636,3971
96606,3971
2296,3971
806,3971
76763,3971
36533,3971
41527,3971
55031,685
62115,751
461,751
950,789
2063,789
5562,3341
7080,3341
118900,3341
203,3341
5152,3840
55110,3840
56587,3840
60293,3840
4543,3840
3003,1383
8136,1383
45210,1803
112623,1803
71755,1803
33615,2318
26480,2318
82463,550
4968,550
87522,550
2345,1192
6530,1664
3508,1664
54372,3136
27721,3496
68157,3496
3456,3496
6460,3496
117529,628
2178,628
84154,628
1831,2460
42015,2649
141124,2649
99117,2970
5359,2970
90357,3005
6879,3801
92163,3801
65088,193
3697,193
48872,1248
51207,1248
8966,1125
4390,1125
1682,1125
8650,1125
71490,1241
8033,1241
79428,1241
5025,2869
8487,2869
7827,2869
108928,2987
122904,3481
2966,3581
113064,3692
102588,4427
1876,4427
3966,2797
62383,2797
52712,2797
66246,2797
105429,3590
78893,3590
7376,3590
67255,3590
66203,3590
50583,1336
47518,1336
27768,2042
31524,2042
3016,2042
84696,3547
6856,1837
3978,1837
3909,2408
2869,2408
42738,2408
3361,2408
52644,2408
106011,2581
2552,2834
6618,2834
4501,2834
424,2090
31374,2090
2841,2090
66509,2289
25930,2289
27871,2289
3147,2777
8491,3115
7587,3115
6552,3115
8835,4268
58879,4316
26850,4316
74754,4316
5745,4316
4654,4316
2753,4316
7243,3014
4948,3140
6428,3140
128846,3140
1188,3716
106204,3716
8808,4091
63859,4091
3213,4091
172,1874
3459,1874
145,3124
88950,3666
109740,3666
55732,1453
46972,1453
101070,3099
1805,3099
71462,957
30818,957
3363,1045
61013,1225
1300,1225
52975,1225
2091,1360
54787,1954
80969,1954
33681,1954
129,1954
5167,1954
2193,3680
5219,107
33162,107
75803,107
5548,776
2342,2466
7238,2466
8604,132
2449,132
7151,132
2243,132
4079,132
8906,369
7029,369
5448,1127
88356,1232
4776,3659
1883,3659
99106,956
2693,956
111113,956
5033,4107
34552,4107
5022,556
3505,1643
26265,1643
5413,1056
2809,3711
4210,3711
5785,3711
3238,1295
3933,1295
3454,1295
162672,1295
3347,1923
51834,1923
78088,1923
136864,1923
81229,1381
6858,1381
5689,1810
8572,2202
103671,2202
117123,2202
30,2202
52460,4
85774,4
4068,166
2516,166
6748,247
2887,247
68,1108
3883,1108
7743,1108
4167,1369
1172,1505
25874,1505
5633,1505
818,1690
55250,2087
4831,2087
1285,2087
74545,2246
92509,4347
1633,4347
1472,4347
3718,291
33760,291
8810,392
5854,392
3489,2632
6535,2632
2013,2632
8143,3707
86781,3834
8042,3834
54256,966
4432,966
1240,966
4101,3681
80463,3849
1913,3849
3496,4370
114082,4370
4849,4370
3967,4370
802,59
2090,59
5556,59
79203,1542
2621,1542
4590,1647
1901,1647
63,1647
8811,1730
1924,1730
47423,1730
51471,1730
1446,4088
837,4088
5080,4190
8851,4190
65682,339
118696,339
139644,1365
3518,1365
2599,2470
4284,2595
3848,2595
6297,2595
5378,3028
3766,3028
3889,3172
6064,65
33138,65
40723,1702
1132,1702
3259,1702
96691,1702
6240,1702
27713,1702
3155,4073
46772,4073
85179,4178
167,4178
33794,4207
6559,4207
5938,4207
3452,836
4354,836
1040,901
1795,968
69712,1535
110127,1535
3484,1535
101884,1800
4619,1800
95147,2631
6603,851
6291,851
2890,2984
3534,2984
9018,2984
89321,699
36708,699
3163,699
85736,699
7208,1101
3994,863
3563,1065
8957,1065
8266,1065
91500,1761
4735,1761
2949,3792
612,917
103279,917
26712,917
522,1078
5241,1137
50,1137
43679,1692
86487,1692
1148,1692
4705,1692
4115,1692
26505,2685
632,1148
2899,1148
4175,1148
46574,2787
6254,2787
2877,2787
74275,2974
662,3401
3621,3401
38304,3969
103688,913
49647,1543
586,3031
721,3031
801,3683
1668,3683
3414,3683
1608,1122
5840,1945
3030,1945
2474,2950
108727,2950
5109,876
5830,894
54736,894
3364,894
139116,2993
4268,2993
40581,3299
1084,3299
4180,3299
5969,742
4349,742
92309,742
7222,729
933,729
8275,1789
39416,1789
7316,1789
6658,2010
3619,2010
1185,2010
4391,2611
4002,2611
134569,34
73664,34
3946,115
4837,233
92507,233
2028,233
5199,688
5675,688
7149,688
1186,688
69278,688
8591,688
3577,688
43936,3588
3929,3588
8533,1540
92,1540
7004,1540
6157,1547
2397,1547
523,2478
1357,2478
8899,2713
52717,2713
53189,4134
1589,4134
1266,4134
3115,4134
6874,4134
88125,4134
27416,57
5986,57
2147,3034
2055,3752
65665,2421
4213,2421
5304,2421
3034,2421
8610,3434
53322,3434
2476,3434
6788,393
26622,1696
58972,3501
4069,3501
4122,145
1772,145
5504,1314
71057,1314
4733,1314
156726,1679
103235,1679
2942,1878
72405,1878
2460,1633
3813,1633
1923,1680
1620,2511
2429,2511
105769,2511
840,2552
4876,3661
6416,3661
2246,3661
3703,1590
4799,1590
89881,1590
33380,1590
5605,1590
2456,2532
6757,1315
1644,1364
79029,833
6709,833
4186,932
420,932
6268,932
1836,1052
26614,1199
5382,1199
6060,1720
96490,1720
5389,1720
3024,1720
214,2670
94018,2670
112171,2670
70927,418
26391,1317
119141,4102
4666,4102
6703,4102
1523,4102
1004,170
1044,609
1639,1173
714,907
163949,907
2866,1080
4622,1080
45969,1080
8387,1080
2314,1236
45517,1236
4493,1236
7944,1282
1096,1282
126548,4155
7091,4155
68959,492
6162,492
2166,492
2796,1141
98279,1141
52730,1957
48982,225
2046,555
4005,1682
3307,1682
4171,1682
3744,3375
2891,3375
2752,3375
25965,3375
130960,3375
619,3748
71282,3748
2115,3748
86626,3748
7834,446
3765,446
55207,446
2568,446
58191,1545
114707,1545
1892,1545
7481,1545
4741,1545
34523,2030
4857,2030
4317,2490
49,2490
5446,2490
3258,3905
62374,1833
84950,1833
4009,1833
3553,3037
93982,148
2850,608
3717,608
2586,608
27839,1049
4851,1049
5569,1049
55757,1049
40870,1049
6302,4382
6997,4382
5853,4382
4427,4382
118985,4382
95473,4382
45521,4382
33880,4382
112735,992
3723,992
164977,992
71579,992
82202,1604
6611,1604
65465,2735
32302,2735
3386,2735
3296,2735
30745,2735
78174,3068
5361,3068
1949,3068
1,3068
27704,3964
92264,549
187,549
308,549
158,581
140711,598
7299,598
2558,1249
51277,1849
7219,1849
3156,1849
674,1849
2168,3595
4606,3595
26093,3595
2530,638
2767,673
95115,673
1003,673
474,979
4798,755
74580,755
415,755
106762,895
71464,895
2139,895
2876,2417
34405,2417
3599,4184
93980,4184
5404,4008
109187,4008
6629,4008
127144,1072
6592,1072
31431,2385
1704,2385
8133,2385
36152,2770
81788,2770
25940,2770
5700,2770
41336,3361
2638,3361
31413,3361
105954,3361
260,3361
127098,4036
8722,4036
5003,1071
26797,1071
138204,1428
3063,1428
8974,1428
34048,1428
6645,2494
1852,2494
2926,2494
70282,3073
143257,3073
3771,3073
3865,3108
108932,3497
114254,1472
47152,2900
113565,2900
103659,2900
1886,2900
4811,2900
75985,3968
3225,75
2300,257
2939,257
103042,3141
139642,3186
3536,3186
8921,3416
5540,3416
72356,3564
1779,3564
4443,3564
7835,180
5960,180
56805,1404
27727,1404
719,2946
4748,2946
6873,2946
70678,3549
120392,3549
2702,3549
920,2381
113829,3215
7045,3985
64997,3985
74740,3985
913,1425
867,1425
5747,1828
37731,1828
6266,1910
3785,1910
6547,1910
60040,1910
46347,1910
94015,1910
7343,1910
7078,1910
3849,1910
5666,1910
6468,4019
2386,4019
2880,4019
6909,605
3477,605
2328,605
58103,624
86644,624
5324,624
3214,624
5428,1826
3161,1826
2618,1826
5053,1826
7318,2169
119,2169
5242,3880
6327,3880
120805,3880
26180,3942
152081,3942
111622,1061
46855,1061
6329,1061
2400,1061
117176,1061
32371,2760
31225,2760
6183,2760
91488,2760
55259,3059
104243,3059
8290,3059
4774,3059
72011,3059
193,3431
2542,3431
159462,3431
1940,3614
61206,3614
3066,3614
6185,2250
2678,3703
8948,3703
1367,1098
3391,1098
143377,2269
51662,2269
4446,1289
2938,1798
3928,1947
111228,3578
4887,1093
27826,1093
99764,1093
140523,1093
3121,1093
77414,1093
97860,1469
50162,1469
104662,1469
8871,1469
4615,1865
106696,1865
141749,1865
90603,3863
149406,3873
6299,3873
7324,3873
3665,2229
4414,2229
4055,4141
37211,4141
2822,4141
135861,4141
7089,523
930,523
33834,523
5247,815
5146,400
597,400
4090,1779
27802,1779
45720,1779
1103,1779
79702,2500
59684,2500
126,3309
90600,3309
58554,3309
3794,4315
2709,4315
43333,4428
4020,4428
89030,4428
6768,4428
2951,2733
27731,3767
117,1131
350,1131
158314,1131
68872,1131
4963,1146
2497,1625
8718,3931
833,3931
278,221
84116,221
58904,221
31522,221
2900,1526
8130,1526
87304,1526
32369,1845
145775,2334
3575,3981
5834,3981
107555,669
1498,669
7818,1281
59429,1634
6356,3049
4947,3049
112183,3204
70418,360
69746,360
112290,360
114044,360
292,435
58156,435
4498,435
271,1918
50514,1918
2302,1918
3046,3492
1272,3492
6281,3492
3798,3492
6755,4161
32632,4161
1161,655
2846,2566
50601,2566
726,2566
3093,2566
2189,2566
87383,3658
48385,3658
3937,1079
148888,1079
137,1115
5296,1115
8,1115
331,1115
561,1115
4716,2575
846,2575
52722,2575
30898,3345
3478,3350
1438,3350
1985,3350
59810,3350
4030,3350
2615,64
69844,64
61167,3291
25996,3291
3986,3291
3210,3291
3354,3291
2699,1602
2655,1602
4572,1602
32743,1602
54997,1602
2238,2178
5316,2178
1086,2178
2141,648
6829,648
2304,2506
964,2506
2071,2506
7895,2506
74156,2506
7354,2506
116413,3337
30894,3337
6934,743
91630,743
3197,1605
436,1782
422,1860
1602,1860
8765,1860
3057,1860
96911,2699
58047,329
562,329
4571,329
97230,329
58303,896
4353,896
1220,2734
27478,2734
4140,614
3408,614
3826,614
4279,614
26649,1802
26492,1802
71404,1802
43921,2831
4405,2831
9012,2831
6548,3696
8654,3696
45837,3696
5375,3696
2438,4253
35836,4253
63479,4253
8665,4253
77455,1375
110348,1375
4865,1375
2535,4280
55071,4280
89904,1775
25750,1775
59995,1888
2200,1888
61075,1888
132488,422
102123,422
50068,2641
3390,4410
5364,4410
4121,4410
3273,730
3392,730
7379,730
1105,860
4465,860
71318,1342
65642,1342
6022,1748
27482,1748
347,2084
89840,2084
78903,2084
7920,3084
2550,3084
8463,3084
1288,3084
6410,3084
5829,4351
946,4351
2625,4351
81018,4351
57528,496
1264,1882
2403,1882
108949,1882
90430,326
27156,326
26915,326
8821,326
33558,2171
3198,2171
155,2171
4142,2171
102686,3455
1344,3455
4714,3455
1636,95
8531,95
5353,306
3550,306
64229,306
61250,1008
80846,1008
6156,1933
2722,877
3042,877
6348,877
2853,877
230,1661
3457,1661
25886,1661
2829,1661
40819,3911
21,4321
8537,4321
1960,1941
31737,1941
2915,1941
81417,1941
72171,4068
2569,4068
3780,1939
8364,1939
61465,2006
88272,3102
102995,3102
78574,3745
5812,3745
115569,1042
2918,1042
7451,1042
3502,1042
43708,3205
3719,3205
131451,3205
2794,3205
64660,3205
2690,4465
798,4465
76272,4465
149830,4465
1464,718
146688,718
26835,2686
234,2686
4700,2686
6464,2686
8781,1304
41571,1304
63540,1304
1810,1304
61289,2828
64285,2828
25774,1230
44301,1230
86852,1230
149532,1230
66785,1955
4407,1955
7107,2106
3371,2106
108715,2106
3548,3934
39435,3934
4471,3934
140761,3934
2874,474
367,728
2527,728
4738,728
6565,1102
116977,1514
7478,1514
3284,1514
3529,2374
103449,2374
3491,2374
132888,2374
2868,3072
2301,3072
157407,3459
105585,1130
238,1130
8923,1130
7334,1130
93272,2860
7260,2860
84312,2860
8873,2860
6671,2893
7172,2893
2922,2893
55063,2893
4290,2893
5111,3355
3287,3355
136449,4269
5995,4269
6906,1577
8194,4307
62792,397
97752,397
5231,397
102792,397
8783,1883
7493,1883
5075,328
63062,328
98000,1846
66097,1846
1031,1846
8745,2464
1796,2464
2733,2811
40339,2811
133798,2811
73106,2811
44193,2811
4818,4146
1647,4146
2514,3270
1334,3270
4488,3270
78034,3270
99675,3331
6550,3331
1389,3331
4197,3331
96829,3331
7136,3331
5329,3473
949,3473
112749,3511
2676,3511
3298,3511
51927,3258
26085,3258
26574,3258
1324,3258
99,151
160563,151
4769,1919
1027,1919
93855,1995
96588,1995
108729,1995
7068,3845
26251,3538
1596,3538
3870,2282
571,2282
96610,2282
8859,2282
74624,3336
83086,3336
88879,355
1995,1556
3871,1556
32029,1556
3545,2191
103543,2191
109359,2191
990,3149
8367,4106
156607,4129
707,4129
3686,4129
7826,4129
3206,1683
469,1683
59721,1683
25771,1683
107649,1683
8332,1956
7165,1956
6585,1956
5438,1956
7812,2028
544,2325
69761,2325
33296,2325
4502,2325
3945,2419
113252,2469
1312,2469
1961,2469
33587,2469
1254,2469
72762,4450
1456,4450
1937,4450
